"empresa","ano","retorno_anual","ceo","chairman","ibrx","ceo_chair"
"ABYA3",2009,2.79,0,0,1,0
"ABYA3",2010,NA,0,0,0,0
"ABYA3",2011,NA,0,0,0,0
"ABYA3",2012,NA,0,0,0,0
"ABYA3",2013,NA,0,0,0,0
"ABYA3",2014,NA,0,0,0,0
"ABYA3",2015,NA,0,0,0,0
"ABYA3",2016,NA,0,0,0,0
"ABYA3",2017,NA,0,0,0,0
"ABYA3",2018,NA,0,0,0,0
"ABYA3",2019,NA,0,0,0,0
"TIET11",2009,0.52,0,0,1,0
"TIET11",2010,0.33,0,0,1,0
"TIET11",2011,0.27,0,0,1,0
"TIET11",2012,-0.02,0,0,1,0
"TIET11",2013,-0.09,0,0,1,0
"TIET11",2014,0.09,0,0,1,0
"TIET11",2015,-0.17,0,0,1,0
"TIET11",2016,NA,0,0,0,0
"TIET11",2017,NA,0,0,0,0
"TIET11",2018,NA,0,0,0,0
"TIET11",2019,NA,0,0,0,0
"AGIN3",2009,1.79,0,0,1,0
"AGIN3",2010,NA,0,0,0,0
"AGIN3",2011,NA,0,0,0,0
"AGIN3",2012,NA,0,0,0,0
"AGIN3",2013,NA,0,0,0,0
"AGIN3",2014,NA,0,0,0,0
"AGIN3",2015,NA,0,0,0,0
"AGIN3",2016,NA,0,0,0,0
"AGIN3",2017,NA,0,0,0,0
"AGIN3",2018,NA,0,0,0,0
"AGIN3",2019,NA,0,0,0,0
"KSSA3",2009,1.11,0,0,1,0
"KSSA3",2010,NA,0,0,0,0
"KSSA3",2011,NA,0,0,0,0
"KSSA3",2012,NA,0,0,0,0
"KSSA3",2013,NA,0,0,0,0
"KSSA3",2014,NA,0,0,0,0
"KSSA3",2015,NA,0,0,0,0
"KSSA3",2016,NA,0,0,0,0
"KSSA3",2017,NA,0,0,0,0
"KSSA3",2018,NA,0,0,0,0
"KSSA3",2019,NA,0,0,0,0
"ALSC3",2009,NA,1,1,0,1
"ALSC3",2010,NA,1,1,0,1
"ALSC3",2011,NA,1,1,0,1
"ALSC3",2012,NA,1,1,0,1
"ALSC3",2013,NA,1,1,0,1
"ALSC3",2014,NA,1,1,0,1
"ALSC3",2015,NA,1,1,0,1
"ALSC3",2016,0.32,1,1,1,1
"ALSC3",2017,0.24,1,1,1,1
"ALSC3",2018,NA,1,1,0,1
"ALSC3",2019,NA,1,1,0,1
"ALLL11",2009,0.64,0,0,1,0
"ALLL11",2010,NA,0,0,0,0
"ALLL11",2011,NA,0,0,0,0
"ALLL11",2012,NA,0,0,0,0
"ALLL11",2013,NA,0,0,0,0
"ALLL11",2014,NA,0,0,0,0
"ALLL11",2015,NA,0,0,0,0
"ALLL11",2016,NA,0,0,0,0
"ALLL11",2017,NA,0,0,0,0
"ALLL11",2018,NA,0,0,0,0
"ALLL11",2019,NA,0,0,0,0
"ALPA4",2009,NA,0,0,0,0
"ALPA4",2010,NA,0,0,0,0
"ALPA4",2011,NA,0,0,0,0
"ALPA4",2012,NA,0,0,0,0
"ALPA4",2013,NA,0,0,0,0
"ALPA4",2014,NA,0,0,0,0
"ALPA4",2015,NA,0,0,0,0
"ALPA4",2016,0.52,0,0,1,0
"ALPA4",2017,NA,0,0,0,0
"ALPA4",2018,NA,0,0,0,0
"ALPA4",2019,NA,0,0,0,0
"ALUP11",2009,NA,0,0,0,0
"ALUP11",2010,NA,0,0,0,0
"ALUP11",2011,NA,0,0,0,0
"ALUP11",2012,NA,0,0,0,0
"ALUP11",2013,NA,0,0,0,0
"ALUP11",2014,NA,0,0,0,0
"ALUP11",2015,NA,0,0,0,0
"ALUP11",2016,NA,0,0,0,0
"ALUP11",2017,0.15,0,0,1,0
"ALUP11",2018,0.03,0,0,1,0
"ALUP11",2019,NA,0,0,0,0
"ABEV3",2009,0.8,0,0,1,0
"ABEV3",2010,0.51,0,0,1,0
"ABEV3",2011,0.4,0,0,1,0
"ABEV3",2012,0.33,0,0,1,0
"ABEV3",2013,0.03,0,0,1,0
"ABEV3",2014,-0.01,0,0,1,0
"ABEV3",2015,0.14,0,0,1,0
"ABEV3",2016,-0.07,0,0,1,0
"ABEV3",2017,0.35,0,0,1,0
"ABEV3",2018,-0.25,0,0,1,0
"ABEV3",2019,0.25,0,0,1,0
"AMIL3",2009,NA,1,1,0,1
"AMIL3",2010,0.31,1,1,1,1
"AMIL3",2011,-0.05,1,1,1,1
"AMIL3",2012,0.89,1,1,1,1
"AMIL3",2013,NA,1,1,0,1
"AMIL3",2014,NA,1,1,0,1
"AMIL3",2015,NA,1,1,0,1
"AMIL3",2016,NA,0,1,0,1
"AMIL3",2017,NA,0,0,0,0
"AMIL3",2018,NA,0,0,0,0
"AMIL3",2019,NA,0,0,0,0
"AEDU3",2009,NA,0,0,0,0
"AEDU3",2010,NA,0,0,0,0
"AEDU3",2011,-0.49,0,1,1,1
"AEDU3",2012,0.74,0,1,1,1
"AEDU3",2013,0.29,0,1,1,1
"AEDU3",2014,NA,0,0,0,0
"AEDU3",2015,NA,0,0,0,0
"AEDU3",2016,NA,0,0,0,0
"AEDU3",2017,NA,0,0,0,0
"AEDU3",2018,NA,0,0,0,0
"AEDU3",2019,NA,0,0,0,0
"ANIM3",2009,NA,1,0,0,1
"ANIM3",2010,NA,1,0,0,1
"ANIM3",2011,NA,1,0,0,1
"ANIM3",2012,NA,1,0,0,1
"ANIM3",2013,NA,1,0,0,1
"ANIM3",2014,NA,1,0,0,1
"ANIM3",2015,-0.6,1,0,1,1
"ANIM3",2016,NA,1,0,0,1
"ANIM3",2017,NA,1,0,0,1
"ANIM3",2018,NA,1,0,0,1
"ANIM3",2019,NA,1,1,0,1
"ARCZ6",2009,NA,0,0,0,0
"ARCZ6",2010,NA,0,0,0,0
"ARCZ6",2011,NA,0,0,0,0
"ARCZ6",2012,NA,0,0,0,0
"ARCZ6",2013,NA,0,0,0,0
"ARCZ6",2014,NA,0,0,0,0
"ARCZ6",2015,NA,0,0,0,0
"ARCZ6",2016,NA,0,0,0,0
"ARCZ6",2017,NA,0,0,0,0
"ARCZ6",2018,NA,0,0,0,0
"ARCZ6",2019,NA,0,0,0,0
"ARZZ3",2009,NA,0,0,0,0
"ARZZ3",2010,NA,0,0,0,0
"ARZZ3",2011,NA,0,0,0,0
"ARZZ3",2012,NA,0,0,0,0
"ARZZ3",2013,NA,0,0,0,0
"ARZZ3",2014,NA,0,0,0,0
"ARZZ3",2015,NA,0,0,0,0
"ARZZ3",2016,NA,0,0,0,0
"ARZZ3",2017,NA,0,0,0,0
"ARZZ3",2018,0.03,0,0,1,0
"ARZZ3",2019,NA,0,0,0,0
"ARTR3",2009,NA,0,0,0,0
"ARTR3",2010,NA,0,0,0,0
"ARTR3",2011,NA,0,0,0,0
"ARTR3",2012,0.63,0,0,1,0
"ARTR3",2013,0.03,0,0,1,0
"ARTR3",2014,-0.33,0,0,1,0
"ARTR3",2015,NA,0,0,0,0
"ARTR3",2016,NA,0,0,0,0
"ARTR3",2017,NA,0,0,0,0
"ARTR3",2018,NA,0,0,0,0
"ARTR3",2019,NA,0,0,0,0
"CRFB3",2009,NA,0,0,0,0
"CRFB3",2010,NA,0,0,0,0
"CRFB3",2011,NA,0,0,0,0
"CRFB3",2012,NA,0,0,0,0
"CRFB3",2013,NA,0,0,0,0
"CRFB3",2014,NA,0,0,0,0
"CRFB3",2015,NA,0,0,0,0
"CRFB3",2016,NA,0,0,0,0
"CRFB3",2017,NA,0,0,0,0
"CRFB3",2018,0.21,0,0,1,0
"CRFB3",2019,0.31,0,0,1,0
"AZUL4",2009,NA,0,1,0,1
"AZUL4",2010,NA,0,1,0,1
"AZUL4",2011,NA,0,1,0,1
"AZUL4",2012,NA,0,1,0,1
"AZUL4",2013,NA,0,1,0,1
"AZUL4",2014,NA,0,1,0,1
"AZUL4",2015,NA,0,1,0,1
"AZUL4",2016,NA,0,1,0,1
"AZUL4",2017,NA,0,1,0,1
"AZUL4",2018,0.34,0,1,1,1
"AZUL4",2019,0.62,0,1,1,1
"BTOW3",2009,1.02,0,0,1,0
"BTOW3",2010,-0.34,0,0,1,0
"BTOW3",2011,-0.71,0,0,1,0
"BTOW3",2012,0.9,0,0,1,0
"BTOW3",2013,-0.1,0,0,1,0
"BTOW3",2014,0.63,0,0,1,0
"BTOW3",2015,-0.32,0,0,1,0
"BTOW3",2016,-0.33,0,0,1,0
"BTOW3",2017,1.07,0,0,1,0
"BTOW3",2018,1.05,0,0,1,0
"BTOW3",2019,0.51,0,0,1,0
"BBDC4",2009,0.65,0,0,1,0
"BBDC4",2010,0.12,0,0,1,0
"BBDC4",2011,-0.02,0,0,1,0
"BBDC4",2012,0.19,0,0,1,0
"BBDC4",2013,-0.06,0,0,1,0
"BBDC4",2014,0.25,0,0,1,0
"BBDC4",2015,-0.3,0,0,1,0
"BBDC4",2016,0.7,0,0,1,0
"BBDC4",2017,0.36,0,0,1,0
"BBDC4",2018,0.3,0,0,1,0
"BBDC4",2019,0.19,0,0,1,0
"BPAC11",2009,NA,0,0,0,0
"BPAC11",2010,NA,0,0,0,0
"BPAC11",2011,NA,1,1,0,1
"BPAC11",2012,NA,1,1,0,1
"BPAC11",2013,NA,1,1,0,1
"BPAC11",2014,NA,1,1,0,1
"BPAC11",2015,NA,1,1,0,1
"BPAC11",2016,NA,0,1,0,1
"BPAC11",2017,0.04,0,0,1,0
"BPAC11",2018,NA,0,0,0,0
"BPAC11",2019,2.36,0,0,1,0
"BBAS3",2009,1.17,0,0,1,0
"BBAS3",2010,0.13,0,0,1,0
"BBAS3",2011,-0.18,0,0,1,0
"BBAS3",2012,0.17,0,0,1,0
"BBAS3",2013,0.05,0,0,1,0
"BBAS3",2014,0.04,0,0,1,0
"BBAS3",2015,-0.31,0,0,1,0
"BBAS3",2016,0.99,0,0,1,0
"BBAS3",2017,0.18,0,0,1,0
"BBAS3",2018,0.52,0,0,1,0
"BBAS3",2019,0.2,0,0,1,0
"BRSR6",2009,1.81,0,0,1,0
"BRSR6",2010,0.26,0,0,1,0
"BRSR6",2011,0.2,0,0,1,0
"BRSR6",2012,-0.16,0,0,1,0
"BRSR6",2013,-0.15,0,0,1,0
"BRSR6",2014,0.23,0,0,1,0
"BRSR6",2015,-0.55,0,0,1,0
"BRSR6",2016,0.95,0,0,1,0
"BRSR6",2017,0.5,0,0,1,0
"BRSR6",2018,0.68,0,0,1,0
"BRSR6",2019,0.03,0,0,1,0
"BICB4",2009,3.71,1,1,1,1
"BICB4",2010,NA,1,1,0,1
"BICB4",2011,NA,1,1,0,1
"BICB4",2012,NA,1,1,0,1
"BICB4",2013,NA,1,1,0,1
"BICB4",2014,NA,0,0,0,0
"BICB4",2015,NA,0,0,0,0
"BICB4",2016,NA,0,0,0,0
"BICB4",2017,NA,0,0,0,0
"BICB4",2018,NA,0,0,0,0
"BICB4",2019,NA,0,0,0,0
"BIDI11",2009,NA,0,0,0,0
"BIDI11",2010,NA,0,0,0,0
"BIDI11",2011,NA,0,0,0,0
"BIDI11",2012,NA,0,0,0,0
"BIDI11",2013,NA,0,0,0,0
"BIDI11",2014,NA,0,0,0,0
"BIDI11",2015,NA,0,0,0,0
"BIDI11",2016,NA,0,0,0,0
"BIDI11",2017,NA,0,1,0,1
"BIDI11",2018,NA,0,1,0,1
"BIDI11",2019,0.06,0,1,1,1
"BNCA3",2009,NA,0,0,0,0
"BNCA3",2010,NA,0,0,0,0
"BNCA3",2011,NA,0,0,0,0
"BNCA3",2012,NA,0,0,0,0
"BNCA3",2013,NA,0,0,0,0
"BNCA3",2014,NA,0,0,0,0
"BNCA3",2015,NA,0,0,0,0
"BNCA3",2016,NA,0,0,0,0
"BNCA3",2017,NA,0,0,0,0
"BNCA3",2018,NA,0,0,0,0
"BNCA3",2019,NA,0,0,0,0
"BPAN4",2009,NA,0,0,0,0
"BPAN4",2010,NA,0,0,0,0
"BPAN4",2011,0.5,0,0,1,0
"BPAN4",2012,NA,0,0,0,0
"BPAN4",2013,NA,0,0,0,0
"BPAN4",2014,NA,0,0,0,0
"BPAN4",2015,NA,0,0,0,0
"BPAN4",2016,NA,0,0,0,0
"BPAN4",2017,NA,0,0,0,0
"BPAN4",2018,NA,0,0,0,0
"BPAN4",2019,NA,0,0,0,0
"SANB11",2009,NA,0,0,0,0
"SANB11",2010,-0.01,0,0,1,0
"SANB11",2011,-0.3,0,0,1,0
"SANB11",2012,0.06,0,0,1,0
"SANB11",2013,-0.02,0,0,1,0
"SANB11",2014,0.12,0,0,1,0
"SANB11",2015,0.28,0,0,1,0
"SANB11",2016,0.95,0,0,1,0
"SANB11",2017,0.16,0,0,1,0
"SANB11",2018,0.41,0,0,1,0
"SANB11",2019,0.21,0,0,1,0
"BBSE3",2009,NA,0,0,0,0
"BBSE3",2010,NA,0,0,0,0
"BBSE3",2011,NA,0,0,0,0
"BBSE3",2012,NA,0,0,0,0
"BBSE3",2013,NA,0,0,0,0
"BBSE3",2014,0.37,0,0,1,0
"BBSE3",2015,-0.2,0,0,1,0
"BBSE3",2016,0.25,0,0,1,0
"BBSE3",2017,0.08,0,0,1,0
"BBSE3",2018,0.09,0,0,1,0
"BBSE3",2019,0.44,0,0,1,0
"B3SA3",2009,1.1,0,0,1,0
"B3SA3",2010,0.12,0,0,1,0
"B3SA3",2011,-0.2,0,0,1,0
"B3SA3",2012,0.48,0,0,1,0
"B3SA3",2013,-0.17,0,0,1,0
"B3SA3",2014,-0.08,0,0,1,0
"B3SA3",2015,0.18,0,0,1,0
"B3SA3",2016,0.56,0,0,1,0
"B3SA3",2017,0.41,0,0,1,0
"B3SA3",2018,0.21,0,0,1,0
"B3SA3",2019,0.64,0,0,1,0
"BRML3",2009,1.36,1,0,1,1
"BRML3",2010,0.61,1,0,1,1
"BRML3",2011,0.08,1,0,1,1
"BRML3",2012,0.51,1,0,1,1
"BRML3",2013,-0.36,1,0,1,1
"BRML3",2014,-0.01,1,0,1,1
"BRML3",2015,-0.31,1,0,1,1
"BRML3",2016,0.36,1,0,1,1
"BRML3",2017,0.25,0,0,1,0
"BRML3",2018,0.03,0,0,1,0
"BRML3",2019,0.48,0,0,1,0
"BRPR3",2009,NA,0,0,0,0
"BRPR3",2010,NA,0,0,0,0
"BRPR3",2011,0.05,0,0,1,0
"BRPR3",2012,0.45,0,0,1,0
"BRPR3",2013,-0.25,0,0,1,0
"BRPR3",2014,-0.19,0,0,1,0
"BRPR3",2015,0.03,0,0,1,0
"BRPR3",2016,-0.12,0,0,1,0
"BRPR3",2017,0.42,0,0,1,0
"BRPR3",2018,NA,0,0,0,0
"BRPR3",2019,NA,0,0,0,0
"BRAP4",2009,1.08,0,0,1,0
"BRAP4",2010,0.15,0,0,1,0
"BRAP4",2011,-0.23,0,0,1,0
"BRAP4",2012,0.11,0,0,1,0
"BRAP4",2013,-0.2,0,0,1,0
"BRAP4",2014,-0.37,0,0,1,0
"BRAP4",2015,-0.61,0,0,1,0
"BRAP4",2016,2.04,0,0,1,0
"BRAP4",2017,1,0,0,1,0
"BRAP4",2018,0.14,0,0,1,0
"BRAP4",2019,0.28,0,0,1,0
"BBRK3",2009,NA,0,0,0,0
"BBRK3",2010,0.5,0,0,1,0
"BBRK3",2011,-0.39,0,0,1,0
"BBRK3",2012,0.32,0,0,1,0
"BBRK3",2013,-0.1,0,0,1,0
"BBRK3",2014,NA,0,0,0,0
"BBRK3",2015,NA,0,0,0,0
"BBRK3",2016,NA,0,0,0,0
"BBRK3",2017,NA,0,0,0,0
"BBRK3",2018,NA,0,0,0,0
"BBRK3",2019,NA,0,0,0,0
"BRTP4",2009,NA,0,0,0,0
"BRTP4",2010,NA,0,0,0,0
"BRTP4",2011,NA,0,0,0,0
"BRTP4",2012,NA,0,0,0,0
"BRTP4",2013,NA,0,0,0,0
"BRTP4",2014,NA,0,0,0,0
"BRTP4",2015,NA,0,0,0,0
"BRTP4",2016,NA,0,0,0,0
"BRTP4",2017,NA,0,0,0,0
"BRTP4",2018,NA,0,0,0,0
"BRTP4",2019,NA,0,0,0,0
"BRKM5",2009,1.54,0,0,1,0
"BRKM5",2010,0.45,0,0,1,0
"BRKM5",2011,-0.35,0,0,1,0
"BRKM5",2012,0.01,0,0,1,0
"BRKM5",2013,0.64,0,0,1,0
"BRKM5",2014,-0.13,0,0,1,0
"BRKM5",2015,0.66,0,0,1,0
"BRKM5",2016,0.32,0,0,1,0
"BRKM5",2017,0.28,0,0,1,0
"BRKM5",2018,0.15,0,0,1,0
"BRKM5",2019,-0.35,0,0,1,0
"BRFS3",2009,0.53,0,0,1,0
"BRFS3",2010,0.22,0,0,1,0
"BRFS3",2011,0.36,0,0,1,0
"BRFS3",2012,0.18,0,0,1,0
"BRFS3",2013,0.18,0,0,1,0
"BRFS3",2014,0.31,0,0,1,0
"BRFS3",2015,-0.11,0,0,1,0
"BRFS3",2016,-0.14,0,0,1,0
"BRFS3",2017,-0.23,0,0,1,0
"BRFS3",2018,-0.4,0,0,1,0
"BRFS3",2019,0.61,0,0,1,0
"BISA3",2009,2.34,0,0,1,0
"BISA3",2010,0.12,0,0,1,0
"BISA3",2011,-0.41,0,0,1,0
"BISA3",2012,-0.25,0,0,1,0
"BISA3",2013,-0.66,0,0,1,0
"BISA3",2014,NA,0,0,0,0
"BISA3",2015,NA,0,0,0,0
"BISA3",2016,NA,0,0,0,0
"BISA3",2017,NA,0,0,0,0
"BISA3",2018,NA,0,0,0,0
"BISA3",2019,NA,0,0,0,0
"CCIM3",2009,NA,0,0,0,0
"CCIM3",2010,NA,0,0,0,0
"CCIM3",2011,NA,0,0,0,0
"CCIM3",2012,NA,0,0,0,0
"CCIM3",2013,NA,0,0,0,0
"CCIM3",2014,NA,0,0,0,0
"CCIM3",2015,NA,0,0,0,0
"CCIM3",2016,NA,0,0,0,0
"CCIM3",2017,NA,0,0,0,0
"CCIM3",2018,NA,0,0,0,0
"CCIM3",2019,NA,0,0,0,0
"CCRO3",2009,0.78,0,0,1,0
"CCRO3",2010,0.23,0,0,1,0
"CCRO3",2011,0.09,0,0,1,0
"CCRO3",2012,0.65,0,0,1,0
"CCRO3",2013,-0.05,0,0,1,0
"CCRO3",2014,-0.09,0,0,1,0
"CCRO3",2015,-0.15,0,0,1,0
"CCRO3",2016,0.3,0,0,1,0
"CCRO3",2017,0.08,0,0,1,0
"CCRO3",2018,-0.27,0,0,1,0
"CCRO3",2019,0.78,0,0,1,0
"CCXC3",2009,NA,0,0,0,0
"CCXC3",2010,NA,0,0,0,0
"CCXC3",2011,NA,0,0,0,0
"CCXC3",2012,NA,0,0,1,0
"CCXC3",2013,NA,0,0,0,0
"CCXC3",2014,NA,0,0,0,0
"CCXC3",2015,NA,0,0,0,0
"CCXC3",2016,NA,0,0,0,0
"CCXC3",2017,NA,0,0,0,0
"CCXC3",2018,NA,0,0,0,0
"CCXC3",2019,NA,0,0,0,0
"CLSC4",2009,0.07,0,0,1,0
"CLSC4",2010,NA,0,0,0,0
"CLSC4",2011,NA,0,0,0,0
"CLSC4",2012,NA,0,0,0,0
"CLSC4",2013,NA,0,0,0,0
"CLSC4",2014,NA,0,0,0,0
"CLSC4",2015,NA,0,0,0,0
"CLSC4",2016,NA,0,0,0,0
"CLSC4",2017,NA,0,0,0,0
"CLSC4",2018,NA,0,0,0,0
"CLSC4",2019,NA,0,0,0,0
"CTIP3",2009,NA,0,0,0,0
"CTIP3",2010,0.69,0,0,1,0
"CTIP3",2011,0.18,0,0,1,0
"CTIP3",2012,-0.04,0,0,1,0
"CTIP3",2013,-0.02,0,0,1,0
"CTIP3",2014,0.41,0,0,1,0
"CTIP3",2015,0.22,0,0,1,0
"CTIP3",2016,0.25,0,0,1,0
"CTIP3",2017,NA,0,0,0,0
"CTIP3",2018,NA,0,0,0,0
"CTIP3",2019,NA,0,0,0,0
"LCAM3",2009,NA,1,1,0,1
"LCAM3",2010,NA,1,1,0,1
"LCAM3",2011,NA,1,1,0,1
"LCAM3",2012,NA,1,1,0,1
"LCAM3",2013,NA,1,1,0,1
"LCAM3",2014,NA,1,1,0,1
"LCAM3",2015,NA,1,0,0,1
"LCAM3",2016,NA,1,0,0,1
"LCAM3",2017,NA,1,0,0,1
"LCAM3",2018,NA,1,0,0,1
"LCAM3",2019,0.85,1,0,1,1
"TRPL4",2009,0.35,0,0,1,0
"TRPL4",2010,0.18,0,0,1,0
"TRPL4",2011,0.19,0,0,1,0
"TRPL4",2012,-0.39,0,0,1,0
"TRPL4",2013,-0.14,0,0,1,0
"TRPL4",2014,NA,0,0,0,0
"TRPL4",2015,0.16,0,0,1,0
"TRPL4",2016,0.47,0,0,1,0
"TRPL4",2017,0.09,0,0,1,0
"TRPL4",2018,0.24,0,0,1,0
"TRPL4",2019,0.39,0,0,1,0
"HGTX3",2009,NA,0,0,0,0
"HGTX3",2010,NA,0,0,0,0
"HGTX3",2011,0.26,0,0,1,0
"HGTX3",2012,0.32,0,0,1,0
"HGTX3",2013,-0.26,0,0,1,0
"HGTX3",2014,-0.3,0,0,1,0
"HGTX3",2015,-0.21,0,0,1,0
"HGTX3",2016,0.07,0,0,1,0
"HGTX3",2017,0.81,0,0,1,0
"HGTX3",2018,0.18,0,0,1,0
"HGTX3",2019,0.2,0,0,1,0
"AMBV3",2009,0.82,0,0,1,0
"AMBV3",2010,NA,0,0,0,0
"AMBV3",2011,NA,0,0,0,0
"AMBV3",2012,0.61,0,0,1,0
"AMBV3",2013,NA,0,0,0,0
"AMBV3",2014,NA,0,0,0,0
"AMBV3",2015,NA,0,0,0,0
"AMBV3",2016,NA,0,0,0,0
"AMBV3",2017,NA,0,0,0,0
"AMBV3",2018,NA,0,0,0,0
"AMBV3",2019,NA,0,0,0,0
"CGAS5",2009,0.11,0,0,1,0
"CGAS5",2010,NA,0,0,0,0
"CGAS5",2011,NA,0,0,0,0
"CGAS5",2012,NA,0,0,0,0
"CGAS5",2013,NA,0,0,0,0
"CGAS5",2014,NA,0,0,0,0
"CGAS5",2015,NA,0,0,0,0
"CGAS5",2016,NA,0,0,0,0
"CGAS5",2017,NA,0,0,0,0
"CGAS5",2018,NA,0,0,0,0
"CGAS5",2019,NA,0,0,0,0
"CSMG3",2009,0.88,0,0,1,0
"CSMG3",2010,-0.07,0,0,1,0
"CSMG3",2011,0.23,0,0,1,0
"CSMG3",2012,0.33,0,0,1,0
"CSMG3",2013,-0.12,0,0,1,0
"CSMG3",2014,NA,0,0,0,0
"CSMG3",2015,-0.38,0,0,1,0
"CSMG3",2016,NA,0,0,0,0
"CSMG3",2017,0.27,0,0,1,0
"CSMG3",2018,0.55,0,0,1,0
"CSMG3",2019,0.14,0,0,1,0
"SAPR11",2009,NA,0,0,0,0
"SAPR11",2010,NA,0,0,0,0
"SAPR11",2011,NA,0,0,0,0
"SAPR11",2012,NA,0,0,0,0
"SAPR11",2013,NA,0,0,0,0
"SAPR11",2014,NA,0,0,0,0
"SAPR11",2015,NA,0,0,0,0
"SAPR11",2016,NA,0,0,0,0
"SAPR11",2017,-0.02,0,0,1,0
"SAPR11",2018,0.09,0,0,1,0
"SAPR11",2019,0.75,0,0,1,0
"CMIG4",2009,0.31,0,0,1,0
"CMIG4",2010,0.02,0,0,1,0
"CMIG4",2011,0.36,0,0,1,0
"CMIG4",2012,0.06,0,0,1,0
"CMIG4",2013,0,0,0,1,0
"CMIG4",2014,0.16,0,0,1,0
"CMIG4",2015,-0.52,0,0,1,0
"CMIG4",2016,0.4,0,0,1,0
"CMIG4",2017,-0.03,0,0,1,0
"CMIG4",2018,1.17,0,0,1,0
"CMIG4",2019,0.05,0,0,1,0
"CESP6",2009,0.62,0,0,1,0
"CESP6",2010,0.14,0,0,1,0
"CESP6",2011,0.25,0,0,1,0
"CESP6",2012,-0.39,0,0,1,0
"CESP6",2013,0.24,0,0,1,0
"CESP6",2014,0.34,0,0,1,0
"CESP6",2015,-0.37,0,0,1,0
"CESP6",2016,0.04,0,0,1,0
"CESP6",2017,0.01,0,0,1,0
"CESP6",2018,0.66,0,0,1,0
"CESP6",2019,0.52,0,0,1,0
"CPLE6",2009,0.63,0,0,1,0
"CPLE6",2010,0.14,0,0,1,0
"CPLE6",2011,-0.02,0,0,1,0
"CPLE6",2012,-0.17,0,0,1,0
"CPLE6",2013,0.03,0,0,1,0
"CPLE6",2014,0.26,0,0,1,0
"CPLE6",2015,-0.3,0,0,1,0
"CPLE6",2016,0.21,0,0,1,0
"CPLE6",2017,-0.01,0,0,1,0
"CPLE6",2018,0.33,0,0,1,0
"CPLE6",2019,1.37,0,0,1,0
"CSNA3",2009,1.08,0,0,1,0
"CSNA3",2010,-0.02,0,0,1,0
"CSNA3",2011,-0.41,0,0,1,0
"CSNA3",2012,-0.15,0,0,1,0
"CSNA3",2013,0.34,0,0,1,0
"CSNA3",2014,-0.6,0,0,1,0
"CSNA3",2015,-0.23,0,0,1,0
"CSNA3",2016,1.58,0,0,1,0
"CSNA3",2017,-0.23,0,0,1,0
"CSNA3",2018,0.05,0,0,1,0
"CSNA3",2019,0.71,0,0,1,0
"CIEL3",2009,NA,0,0,0,0
"CIEL3",2010,-0.06,0,0,1,0
"CIEL3",2011,0.54,0,0,1,0
"CIEL3",2012,0.49,0,0,1,0
"CIEL3",2013,0.44,0,0,1,0
"CIEL3",2014,0.31,0,0,1,0
"CIEL3",2015,-0.01,0,0,1,0
"CIEL3",2016,0,0,0,1,0
"CIEL3",2017,0.06,0,0,1,0
"CIEL3",2018,-0.58,0,0,1,0
"CIEL3",2019,-0.01,0,0,1,0
"COGN3",2009,NA,0,1,0,1
"COGN3",2010,NA,0,1,0,1
"COGN3",2011,NA,0,1,0,1
"COGN3",2012,NA,0,1,0,1
"COGN3",2013,0.73,0,1,1,1
"COGN3",2014,0.64,0,1,1,1
"COGN3",2015,-0.38,0,0,1,0
"COGN3",2016,0.38,0,0,1,0
"COGN3",2017,0.42,0,0,1,0
"COGN3",2018,-0.5,0,1,1,1
"COGN3",2019,0.3,0,1,1,1
"CNFB4",2009,0.67,0,0,1,0
"CNFB4",2010,0.26,0,0,1,0
"CNFB4",2011,-0.3,0,0,1,0
"CNFB4",2012,NA,0,0,0,0
"CNFB4",2013,NA,0,0,0,0
"CNFB4",2014,NA,0,0,0,0
"CNFB4",2015,NA,0,0,0,0
"CNFB4",2016,NA,0,0,0,0
"CNFB4",2017,NA,0,0,0,0
"CNFB4",2018,NA,0,0,0,0
"CNFB4",2019,NA,0,0,0,0
"TEND3",2009,3.74,0,0,1,0
"TEND3",2010,NA,0,0,0,0
"TEND3",2011,NA,0,0,0,0
"TEND3",2012,NA,0,0,0,0
"TEND3",2013,NA,0,0,0,0
"TEND3",2014,NA,0,0,0,0
"TEND3",2015,NA,0,0,0,0
"TEND3",2016,NA,0,0,0,0
"TEND3",2017,NA,0,0,0,0
"TEND3",2018,NA,0,0,0,0
"TEND3",2019,0.93,0,0,1,0
"RLOG3",2009,NA,1,1,0,1
"RLOG3",2010,NA,1,1,0,1
"RLOG3",2011,NA,1,1,0,1
"RLOG3",2012,NA,1,1,0,1
"RLOG3",2013,NA,1,1,0,1
"RLOG3",2014,-0.2,0,1,1,1
"RLOG3",2015,-0.62,0,1,1,1
"RLOG3",2016,NA,0,1,0,1
"RLOG3",2017,NA,0,1,0,1
"RLOG3",2018,NA,0,1,0,1
"RLOG3",2019,NA,0,1,0,1
"CSAN3",2009,1.28,1,1,1,1
"CSAN3",2010,0.1,0,1,1,1
"CSAN3",2011,-0.01,0,1,1,1
"CSAN3",2012,0.58,0,1,1,1
"CSAN3",2013,-0.04,0,1,1,1
"CSAN3",2014,-0.17,0,1,1,1
"CSAN3",2015,-0.1,0,1,1,1
"CSAN3",2016,0.61,0,1,1,1
"CSAN3",2017,0.13,0,1,1,1
"CSAN3",2018,-0.17,0,1,1,1
"CSAN3",2019,1.13,0,1,1,1
"CPFE3",2009,0.27,0,0,1,0
"CPFE3",2010,0.26,0,0,1,0
"CPFE3",2011,0.34,0,0,1,0
"CPFE3",2012,-0.13,0,0,1,0
"CPFE3",2013,-0.07,0,0,1,0
"CPFE3",2014,0.02,0,0,1,0
"CPFE3",2015,-0.15,0,0,1,0
"CPFE3",2016,0.73,0,0,1,0
"CPFE3",2017,-0.22,0,0,1,0
"CPFE3",2018,NA,0,0,0,0
"CPFE3",2019,0.25,0,0,1,0
"CVCB3",2009,NA,0,0,0,0
"CVCB3",2010,NA,0,0,0,0
"CVCB3",2011,NA,0,0,0,0
"CVCB3",2012,NA,0,0,0,0
"CVCB3",2013,NA,0,1,0,1
"CVCB3",2014,NA,0,1,0,1
"CVCB3",2015,NA,0,1,0,1
"CVCB3",2016,0.89,0,1,1,1
"CVCB3",2017,1.12,0,1,1,1
"CVCB3",2018,0.27,0,1,1,1
"CVCB3",2019,-0.28,0,0,1,0
"CYRE3",2009,1.7,1,1,1,1
"CYRE3",2010,-0.09,1,1,1,1
"CYRE3",2011,-0.29,1,1,1,1
"CYRE3",2012,0.23,1,1,1,1
"CYRE3",2013,-0.17,1,1,1,1
"CYRE3",2014,-0.21,0,1,1,1
"CYRE3",2015,-0.3,0,1,1,1
"CYRE3",2016,0.43,0,1,1,1
"CYRE3",2017,0.29,0,1,1,1
"CYRE3",2018,0.27,0,1,1,1
"CYRE3",2019,1.06,0,1,1,1
"CCPR3",2009,NA,0,1,0,1
"CCPR3",2010,NA,0,1,0,1
"CCPR3",2011,NA,0,1,0,1
"CCPR3",2012,NA,0,1,0,1
"CCPR3",2013,NA,0,1,0,1
"CCPR3",2014,NA,0,1,0,1
"CCPR3",2015,NA,0,1,0,1
"CCPR3",2016,NA,0,1,0,1
"CCPR3",2017,NA,0,1,0,1
"CCPR3",2018,NA,0,1,0,1
"CCPR3",2019,NA,0,1,0,1
"DASA3",2009,1.55,0,1,1,1
"DASA3",2010,0.59,0,0,1,0
"DASA3",2011,-0.3,0,0,1,0
"DASA3",2012,-0.15,0,0,1,0
"DASA3",2013,0.11,0,0,1,0
"DASA3",2014,NA,0,0,0,0
"DASA3",2015,NA,0,0,0,0
"DASA3",2016,NA,0,0,0,0
"DASA3",2017,NA,0,0,0,0
"DASA3",2018,NA,0,0,0,0
"DASA3",2019,NA,0,0,0,0
"RADL3",2009,NA,0,0,0,0
"RADL3",2010,NA,0,0,0,0
"RADL3",2011,NA,0,0,0,0
"RADL3",2012,0.8,0,0,1,0
"RADL3",2013,-0.36,0,0,1,0
"RADL3",2014,0.73,0,0,1,0
"RADL3",2015,0.42,0,0,1,0
"RADL3",2016,0.71,0,0,1,0
"RADL3",2017,0.54,0,0,1,0
"RADL3",2018,-0.37,0,0,1,0
"RADL3",2019,0.97,0,0,1,0
"DTEX3",2009,3.34,0,0,1,0
"DTEX3",2010,0.12,0,0,1,0
"DTEX3",2011,-0.37,0,0,1,0
"DTEX3",2012,0.73,0,0,1,0
"DTEX3",2013,0,0,0,1,0
"DTEX3",2014,-0.31,0,0,1,0
"DTEX3",2015,-0.22,0,0,1,0
"DTEX3",2016,0.16,0,0,1,0
"DTEX3",2017,0.42,0,0,1,0
"DTEX3",2018,0.38,0,0,1,0
"DTEX3",2019,0.45,0,0,1,0
"ECOR3",2009,NA,0,0,0,0
"ECOR3",2010,NA,0,0,0,0
"ECOR3",2011,0.13,0,0,1,0
"ECOR3",2012,0.32,0,0,1,0
"ECOR3",2013,-0.1,0,0,1,0
"ECOR3",2014,-0.19,0,0,1,0
"ECOR3",2015,-0.5,0,0,1,0
"ECOR3",2016,0.75,0,0,1,0
"ECOR3",2017,0.61,0,0,1,0
"ECOR3",2018,-0.18,0,0,1,0
"ECOR3",2019,0.74,0,0,1,0
"ENBR3",2009,0.59,0,0,1,0
"ENBR3",2010,0.24,0,0,1,0
"ENBR3",2011,0.16,0,0,1,0
"ENBR3",2012,-0.02,0,0,1,0
"ENBR3",2013,-0.05,0,0,1,0
"ENBR3",2014,-0.12,0,0,1,0
"ENBR3",2015,0.36,0,0,1,0
"ENBR3",2016,0.22,0,0,1,0
"ENBR3",2017,0.06,0,0,1,0
"ENBR3",2018,0.09,0,0,1,0
"ENBR3",2019,0.58,0,0,1,0
"ELPL4",2009,0.64,0,0,1,0
"ELPL4",2010,0.19,0,0,1,0
"ELPL4",2011,0.44,0,0,1,0
"ELPL4",2012,-0.46,0,0,1,0
"ELPL4",2013,-0.44,0,0,1,0
"ELPL4",2014,-0.03,0,0,1,0
"ELPL4",2015,-0.03,0,0,1,0
"ELPL4",2016,0.47,0,0,1,0
"ELPL4",2017,NA,0,0,0,0
"ELPL4",2018,NA,0,0,0,0
"ELPL4",2019,NA,0,0,0,0
"EMBR3",2009,0.11,0,0,1,0
"EMBR3",2010,0.28,0,0,1,0
"EMBR3",2011,0.01,0,0,1,0
"EMBR3",2012,0.27,0,0,1,0
"EMBR3",2013,0.33,0,0,1,0
"EMBR3",2014,0.31,0,0,1,0
"EMBR3",2015,0.24,0,0,1,0
"EMBR3",2016,-0.45,0,0,1,0
"EMBR3",2017,0.3,0,0,1,0
"EMBR3",2018,0.09,0,0,1,0
"EMBR3",2019,-0.09,0,0,1,0
"ENAT3",2009,NA,0,1,0,1
"ENAT3",2010,NA,0,1,0,1
"ENAT3",2011,NA,0,1,0,1
"ENAT3",2012,-0.2,0,1,1,1
"ENAT3",2013,-0.25,0,1,1,1
"ENAT3",2014,-0.25,0,1,1,1
"ENAT3",2015,-0.17,0,1,1,1
"ENAT3",2016,-0.05,0,1,1,1
"ENAT3",2017,NA,0,1,0,1
"ENAT3",2018,0,0,1,1,1
"ENAT3",2019,0.95,0,1,1,1
"ENGI11",2009,NA,0,0,0,0
"ENGI11",2010,NA,0,0,0,0
"ENGI11",2011,NA,0,0,0,0
"ENGI11",2012,NA,0,0,0,0
"ENGI11",2013,NA,0,0,0,0
"ENGI11",2014,NA,0,0,0,0
"ENGI11",2015,NA,0,0,0,0
"ENGI11",2016,NA,0,0,0,0
"ENGI11",2017,0.52,0,0,1,0
"ENGI11",2018,0.4,0,0,1,0
"ENGI11",2019,0.48,0,0,1,0
"ENEV3",2009,NA,0,0,0,0
"ENEV3",2010,0.17,0,0,1,0
"ENEV3",2011,0.93,0,0,1,0
"ENEV3",2012,-0.13,0,0,1,0
"ENEV3",2013,-0.72,0,0,1,0
"ENEV3",2014,NA,0,0,0,0
"ENEV3",2015,NA,0,0,0,0
"ENEV3",2016,NA,0,0,0,0
"ENEV3",2017,NA,0,0,0,0
"ENEV3",2018,NA,0,0,0,0
"ENEV3",2019,NA,0,0,0,0
"EQTL3",2009,NA,0,0,0,0
"EQTL3",2010,NA,0,0,0,0
"EQTL3",2011,NA,0,0,0,0
"EQTL3",2012,NA,0,0,0,0
"EQTL3",2013,0.25,0,0,1,0
"EQTL3",2014,0.22,0,0,1,0
"EQTL3",2015,0.27,0,0,1,0
"EQTL3",2016,0.6,0,0,1,0
"EQTL3",2017,0.22,0,0,1,0
"EQTL3",2018,0.16,0,0,1,0
"EQTL3",2019,0.55,0,0,1,0
"YDUQ3",2009,NA,0,0,0,0
"YDUQ3",2010,NA,0,0,0,0
"YDUQ3",2011,NA,0,0,0,0
"YDUQ3",2012,NA,0,0,0,0
"YDUQ3",2013,0.48,0,0,1,0
"YDUQ3",2014,0.18,0,0,1,0
"YDUQ3",2015,-0.4,0,0,1,0
"YDUQ3",2016,0.3,0,0,1,0
"YDUQ3",2017,1.16,0,0,1,0
"YDUQ3",2018,-0.23,0,0,1,0
"YDUQ3",2019,1.04,0,0,1,0
"ETER3",2009,NA,0,0,0,0
"ETER3",2010,NA,0,0,0,0
"ETER3",2011,NA,0,0,0,0
"ETER3",2012,NA,0,0,0,0
"ETER3",2013,NA,0,0,0,0
"ETER3",2014,NA,0,0,0,0
"ETER3",2015,NA,0,0,0,0
"ETER3",2016,NA,0,0,0,0
"ETER3",2017,NA,0,0,0,0
"ETER3",2018,NA,0,0,0,0
"ETER3",2019,NA,0,0,0,0
"EVEN3",2009,NA,0,1,0,1
"EVEN3",2010,0.03,0,1,1,1
"EVEN3",2011,-0.26,0,1,1,1
"EVEN3",2012,0.59,0,1,1,1
"EVEN3",2013,-0.11,0,1,1,1
"EVEN3",2014,-0.3,0,1,1,1
"EVEN3",2015,-0.2,0,1,1,1
"EVEN3",2016,-0.07,0,0,1,0
"EVEN3",2017,NA,0,0,0,0
"EVEN3",2018,NA,0,0,0,0
"EVEN3",2019,NA,0,0,0,0
"EZTC3",2009,NA,1,1,0,1
"EZTC3",2010,NA,1,1,0,1
"EZTC3",2011,NA,1,1,0,1
"EZTC3",2012,0.68,1,1,1,1
"EZTC3",2013,0.16,1,1,1,1
"EZTC3",2014,-0.22,1,1,1,1
"EZTC3",2015,-0.34,1,1,1,1
"EZTC3",2016,0.39,1,1,1,1
"EZTC3",2017,0.65,1,1,1,1
"EZTC3",2018,0.19,1,1,1,1
"EZTC3",2019,1.53,1,1,1,1
"FHER3",2009,2.01,0,1,1,1
"FHER3",2010,NA,0,1,0,1
"FHER3",2011,NA,0,1,0,1
"FHER3",2012,NA,0,1,0,1
"FHER3",2013,NA,0,1,0,1
"FHER3",2014,NA,0,1,0,1
"FHER3",2015,NA,0,1,0,1
"FHER3",2016,NA,0,1,0,1
"FHER3",2017,NA,0,1,0,1
"FHER3",2018,NA,0,1,0,1
"FHER3",2019,NA,0,1,0,1
"VCPA4",2009,NA,0,0,0,0
"VCPA4",2010,NA,0,0,0,0
"VCPA4",2011,NA,0,0,0,0
"VCPA4",2012,NA,0,0,0,0
"VCPA4",2013,NA,0,0,0,0
"VCPA4",2014,NA,0,0,0,0
"VCPA4",2015,NA,0,0,0,0
"VCPA4",2016,NA,0,0,0,0
"VCPA4",2017,NA,0,0,0,0
"VCPA4",2018,NA,0,0,0,0
"VCPA4",2019,NA,0,0,0,0
"FLRY3",2009,NA,0,0,0,0
"FLRY3",2010,NA,0,0,0,0
"FLRY3",2011,NA,0,0,0,0
"FLRY3",2012,NA,0,0,0,0
"FLRY3",2013,NA,0,0,0,0
"FLRY3",2014,NA,0,0,0,0
"FLRY3",2015,NA,0,0,0,0
"FLRY3",2016,1.48,0,0,1,0
"FLRY3",2017,0.7,0,0,1,0
"FLRY3",2018,-0.31,0,0,1,0
"FLRY3",2019,0.62,0,0,1,0
"GFSA3",2009,1.72,0,0,1,0
"GFSA3",2010,-0.14,0,0,1,0
"GFSA3",2011,-0.64,0,0,1,0
"GFSA3",2012,0.13,0,0,1,0
"GFSA3",2013,-0.18,0,0,1,0
"GFSA3",2014,-0.36,0,0,1,0
"GFSA3",2015,0.1,0,0,1,0
"GFSA3",2016,-0.24,0,0,1,0
"GFSA3",2017,0.28,0,0,1,0
"GFSA3",2018,-0.17,0,0,1,0
"GFSA3",2019,-0.46,0,0,1,0
"GGBR4",2009,0.96,0,0,1,0
"GGBR4",2010,-0.21,0,0,1,0
"GGBR4",2011,-0.34,0,0,1,0
"GGBR4",2012,0.28,0,0,1,0
"GGBR4",2013,0.04,0,0,1,0
"GGBR4",2014,-0.47,0,0,1,0
"GGBR4",2015,-0.5,0,0,1,0
"GGBR4",2016,1.34,0,0,1,0
"GGBR4",2017,0.15,0,0,1,0
"GGBR4",2018,0.23,0,0,1,0
"GGBR4",2019,0.38,0,0,1,0
"VVAR11",2009,NA,0,0,0,0
"VVAR11",2010,NA,0,0,0,0
"VVAR11",2011,NA,0,0,0,0
"VVAR11",2012,NA,0,0,0,0
"VVAR11",2013,NA,0,0,0,0
"VVAR11",2014,-0.17,0,0,1,0
"VVAR11",2015,-0.84,0,0,1,0
"VVAR11",2016,2.26,0,0,1,0
"VVAR11",2017,1.32,0,0,1,0
"VVAR11",2018,NA,0,0,0,0
"VVAR11",2019,NA,0,0,0,0
"GOLL4",2009,1.63,0,0,1,0
"GOLL4",2010,-0.01,0,0,1,0
"GOLL4",2011,-0.5,0,0,1,0
"GOLL4",2012,0.08,0,1,1,1
"GOLL4",2013,-0.19,0,1,1,1
"GOLL4",2014,0.45,0,1,1,1
"GOLL4",2015,-0.83,0,1,1,1
"GOLL4",2016,0.93,0,1,1,1
"GOLL4",2017,2.02,0,1,1,1
"GOLL4",2018,0.72,0,1,1,1
"GOLL4",2019,0.49,0,1,1,1
"GRND3",2009,NA,0,1,0,1
"GRND3",2010,NA,0,1,0,1
"GRND3",2011,NA,0,1,0,1
"GRND3",2012,NA,0,1,0,1
"GRND3",2013,NA,1,1,0,1
"GRND3",2014,NA,1,1,0,1
"GRND3",2015,NA,1,1,0,1
"GRND3",2016,0.12,1,1,1,1
"GRND3",2017,0.7,1,1,1,1
"GRND3",2018,NA,1,1,0,1
"GRND3",2019,NA,1,1,0,1
"GVTT3",2009,1.21,1,0,1,1
"GVTT3",2010,NA,1,0,0,1
"GVTT3",2011,NA,1,0,0,1
"GVTT3",2012,NA,1,0,0,1
"GVTT3",2013,NA,1,0,0,1
"GVTT3",2014,NA,1,0,0,1
"GVTT3",2015,NA,1,0,0,1
"GVTT3",2016,NA,0,0,0,0
"GVTT3",2017,NA,0,0,0,0
"GVTT3",2018,NA,0,0,0,0
"GVTT3",2019,NA,0,0,0,0
"HAPV3",2009,NA,0,0,0,0
"HAPV3",2010,NA,0,0,0,0
"HAPV3",2011,NA,0,0,0,0
"HAPV3",2012,NA,0,0,0,0
"HAPV3",2013,NA,0,0,0,0
"HAPV3",2014,NA,0,0,0,0
"HAPV3",2015,NA,0,0,0,0
"HAPV3",2016,NA,0,0,0,0
"HAPV3",2017,NA,0,0,0,0
"HAPV3",2018,NA,0,1,0,1
"HAPV3",2019,1.07,0,1,1,1
"HYPE3",2009,NA,0,1,0,1
"HYPE3",2010,0.13,0,1,1,1
"HYPE3",2011,-0.62,0,1,1,1
"HYPE3",2012,0.95,0,1,1,1
"HYPE3",2013,0.07,0,1,1,1
"HYPE3",2014,-0.06,0,1,1,1
"HYPE3",2015,0.3,0,1,1,1
"HYPE3",2016,0.22,0,1,1,1
"HYPE3",2017,0.48,0,1,1,1
"HYPE3",2018,-0.11,0,1,1,1
"HYPE3",2019,0.22,0,0,1,0
"IGTA3",2009,NA,1,1,0,1
"IGTA3",2010,NA,1,1,0,1
"IGTA3",2011,NA,1,1,0,1
"IGTA3",2012,0.59,1,1,1,1
"IGTA3",2013,NA,1,1,0,1
"IGTA3",2014,0.12,1,1,1,1
"IGTA3",2015,-0.22,1,1,1,1
"IGTA3",2016,0.38,1,1,1,1
"IGTA3",2017,0.52,1,1,1,1
"IGTA3",2018,0.08,1,1,1,1
"IGTA3",2019,0.3,1,1,1,1
"MYPK3",2009,NA,0,0,0,0
"MYPK3",2010,NA,0,0,0,0
"MYPK3",2011,0.11,0,0,1,0
"MYPK3",2012,0.1,0,0,1,0
"MYPK3",2013,-0.02,0,0,1,0
"MYPK3",2014,NA,0,0,0,0
"MYPK3",2015,0.03,0,0,1,0
"MYPK3",2016,-0.03,0,0,1,0
"MYPK3",2017,0.95,0,0,1,0
"MYPK3",2018,0.08,0,0,1,0
"MYPK3",2019,-0.01,0,0,1,0
"IRBR3",2009,NA,0,0,0,0
"IRBR3",2010,NA,0,0,0,0
"IRBR3",2011,NA,0,0,0,0
"IRBR3",2012,NA,0,0,0,0
"IRBR3",2013,NA,0,0,0,0
"IRBR3",2014,NA,0,0,0,0
"IRBR3",2015,NA,0,0,0,0
"IRBR3",2016,NA,0,0,0,0
"IRBR3",2017,NA,0,0,0,0
"IRBR3",2018,1.57,0,0,1,0
"IRBR3",2019,0.45,0,0,1,0
"ITUB4",2009,0.67,0,0,1,0
"ITUB4",2010,0.05,0,0,1,0
"ITUB4",2011,-0.11,0,0,1,0
"ITUB4",2012,0.03,0,0,1,0
"ITUB4",2013,0.07,0,0,1,0
"ITUB4",2014,0.25,0,0,1,0
"ITUB4",2015,-0.12,0,0,1,0
"ITUB4",2016,0.49,0,0,1,0
"ITUB4",2017,0.32,0,0,1,0
"ITUB4",2018,0.33,0,0,1,0
"ITUB4",2019,0.13,0,0,1,0
"ITSA4",2009,0.73,0,0,1,0
"ITSA4",2010,0.15,0,0,1,0
"ITSA4",2011,-0.1,0,0,1,0
"ITSA4",2012,0,0,0,1,0
"ITSA4",2013,0.06,0,0,1,0
"ITSA4",2014,0.21,0,0,1,0
"ITSA4",2015,-0.14,0,0,1,0
"ITSA4",2016,0.41,0,0,1,0
"ITSA4",2017,0.41,0,0,1,0
"ITSA4",2018,0.34,0,0,1,0
"ITSA4",2019,0.28,0,0,1,0
"JBSS3",2009,0.89,0,0,1,0
"JBSS3",2010,-0.23,0,0,1,0
"JBSS3",2011,-0.14,0,0,1,0
"JBSS3",2012,-0.06,0,0,1,0
"JBSS3",2013,0.48,0,0,1,0
"JBSS3",2014,0.29,0,0,1,0
"JBSS3",2015,0.11,0,0,1,0
"JBSS3",2016,-0.04,0,0,1,0
"JBSS3",2017,-0.14,1,0,1,1
"JBSS3",2018,0.19,0,0,1,0
"JBSS3",2019,1.23,0,0,1,0
"JHSF3",2009,1.49,1,0,1,1
"JHSF3",2010,-0.01,1,0,1,1
"JHSF3",2011,NA,1,1,0,1
"JHSF3",2012,NA,1,1,0,1
"JHSF3",2013,NA,1,1,0,1
"JHSF3",2014,NA,0,1,0,1
"JHSF3",2015,NA,0,1,0,1
"JHSF3",2016,NA,0,1,0,1
"JHSF3",2017,NA,0,1,0,1
"JHSF3",2018,NA,0,1,0,1
"JHSF3",2019,NA,0,1,0,1
"KEPL3",2009,NA,0,0,0,0
"KEPL3",2010,-0.03,0,0,1,0
"KEPL3",2011,NA,0,0,0,0
"KEPL3",2012,NA,0,0,0,0
"KEPL3",2013,NA,0,0,0,0
"KEPL3",2014,NA,0,0,0,0
"KEPL3",2015,NA,0,0,0,0
"KEPL3",2016,NA,0,0,0,0
"KEPL3",2017,NA,0,0,0,0
"KEPL3",2018,NA,0,0,0,0
"KEPL3",2019,NA,0,0,0,0
"KLBN4",2009,0.66,0,0,1,0
"KLBN4",2010,0.15,0,0,1,0
"KLBN4",2011,0.41,0,0,1,0
"KLBN4",2012,0.71,0,0,1,0
"KLBN4",2013,0.04,0,0,1,0
"KLBN4",2014,NA,0,0,0,0
"KLBN4",2015,NA,0,0,0,0
"KLBN4",2016,NA,0,0,0,0
"KLBN4",2017,NA,0,0,0,0
"KLBN4",2018,NA,0,0,0,0
"KLBN4",2019,NA,0,0,0,0
"LIGT3",2009,0.34,0,0,1,0
"LIGT3",2010,0.15,0,0,1,0
"LIGT3",2011,0.23,0,0,1,0
"LIGT3",2012,-0.16,0,0,1,0
"LIGT3",2013,0.04,0,0,1,0
"LIGT3",2014,-0.15,0,0,1,0
"LIGT3",2015,-0.39,0,0,1,0
"LIGT3",2016,0.92,0,0,1,0
"LIGT3",2017,-0.03,0,0,1,0
"LIGT3",2018,0,0,0,1,0
"LIGT3",2019,0.45,0,0,1,0
"LINX3",2009,NA,0,0,0,0
"LINX3",2010,NA,0,0,0,0
"LINX3",2011,NA,0,0,0,0
"LINX3",2012,NA,0,1,0,1
"LINX3",2013,NA,0,1,0,1
"LINX3",2014,NA,0,1,0,1
"LINX3",2015,NA,0,1,0,1
"LINX3",2016,NA,0,1,0,1
"LINX3",2017,0.27,0,1,1,1
"LINX3",2018,0.54,0,1,1,1
"LINX3",2019,0.09,0,1,1,1
"RENT3",2009,1.76,1,1,1,1
"RENT3",2010,0.4,1,1,1,1
"RENT3",2011,-0.02,1,1,1,1
"RENT3",2012,0.44,1,1,1,1
"RENT3",2013,-0.03,1,1,1,1
"RENT3",2014,0.09,1,1,1,1
"RENT3",2015,-0.29,1,1,1,1
"RENT3",2016,0.44,1,1,1,1
"RENT3",2017,1.13,1,1,1,1
"RENT3",2018,0.36,1,1,1,1
"RENT3",2019,0.69,1,0,1,1
"LOGG3",2009,NA,0,1,0,1
"LOGG3",2010,NA,0,1,0,1
"LOGG3",2011,NA,0,1,0,1
"LOGG3",2012,NA,0,1,0,1
"LOGG3",2013,NA,0,1,0,1
"LOGG3",2014,NA,0,1,0,1
"LOGG3",2015,NA,0,1,0,1
"LOGG3",2016,NA,0,1,0,1
"LOGG3",2017,NA,0,1,0,1
"LOGG3",2018,-0.08,0,1,1,1
"LOGG3",2019,NA,0,1,0,1
"LOGN3",2009,NA,0,0,0,0
"LOGN3",2010,NA,0,0,0,0
"LOGN3",2011,NA,0,0,0,0
"LOGN3",2012,NA,0,0,0,0
"LOGN3",2013,NA,0,0,0,0
"LOGN3",2014,NA,0,0,0,0
"LOGN3",2015,NA,0,0,0,0
"LOGN3",2016,NA,0,0,0,0
"LOGN3",2017,NA,0,0,0,0
"LOGN3",2018,NA,0,0,0,0
"LOGN3",2019,NA,0,0,0,0
"LAME4",2009,1.49,0,0,1,0
"LAME4",2010,-0.01,0,0,1,0
"LAME4",2011,-0.04,0,0,1,0
"LAME4",2012,0.67,0,0,1,0
"LAME4",2013,-0.14,0,0,1,0
"LAME4",2014,0.38,0,0,1,0
"LAME4",2015,0.13,0,0,1,0
"LAME4",2016,0.03,0,0,1,0
"LAME4",2017,0.01,0,0,1,0
"LAME4",2018,0.16,0,0,1,0
"LAME4",2019,0.33,0,0,1,0
"LREN3",2009,1.54,0,0,1,0
"LREN3",2010,0.48,0,0,1,0
"LREN3",2011,-0.09,0,0,1,0
"LREN3",2012,0.7,0,0,1,0
"LREN3",2013,-0.21,0,0,1,0
"LREN3",2014,0.28,0,0,1,0
"LREN3",2015,0.14,0,0,1,0
"LREN3",2016,0.36,0,0,1,0
"LREN3",2017,0.7,0,0,1,0
"LREN3",2018,0.21,0,0,1,0
"LREN3",2019,0.48,0,0,1,0
"LUPA3",2009,0.16,0,1,1,1
"LUPA3",2010,-0.29,0,1,1,1
"LUPA3",2011,NA,0,1,0,1
"LUPA3",2012,NA,0,1,0,1
"LUPA3",2013,NA,0,1,0,1
"LUPA3",2014,NA,0,0,0,0
"LUPA3",2015,NA,0,0,0,0
"LUPA3",2016,NA,0,0,0,0
"LUPA3",2017,NA,0,0,0,0
"LUPA3",2018,NA,0,0,0,0
"LUPA3",2019,NA,0,0,0,0
"MDIA3",2009,NA,0,0,0,0
"MDIA3",2010,NA,0,0,0,0
"MDIA3",2011,NA,0,0,0,0
"MDIA3",2012,NA,0,0,0,0
"MDIA3",2013,NA,0,0,0,0
"MDIA3",2014,-0.08,0,0,1,0
"MDIA3",2015,-0.26,0,0,1,0
"MDIA3",2016,0.77,0,0,1,0
"MDIA3",2017,0.4,0,0,1,0
"MDIA3",2018,-0.17,0,0,1,0
"MDIA3",2019,-0.11,0,0,1,0
"MGLU3",2009,NA,1,0,0,1
"MGLU3",2010,NA,1,0,0,1
"MGLU3",2011,NA,0,0,0,0
"MGLU3",2012,0.31,0,0,1,0
"MGLU3",2013,NA,0,0,0,0
"MGLU3",2014,0.05,0,0,1,0
"MGLU3",2015,NA,0,0,0,0
"MGLU3",2016,4.91,0,1,1,1
"MGLU3",2017,5.11,0,1,1,1
"MGLU3",2018,1.26,0,1,1,1
"MGLU3",2019,1.12,0,1,1,1
"MAGG3",2009,1.2,0,0,1,0
"MAGG3",2010,-0.29,0,0,1,0
"MAGG3",2011,NA,0,0,0,0
"MAGG3",2012,NA,0,0,0,0
"MAGG3",2013,NA,0,0,0,0
"MAGG3",2014,NA,0,0,0,0
"MAGG3",2015,NA,0,0,0,0
"MAGG3",2016,NA,0,0,0,0
"MAGG3",2017,NA,0,0,0,0
"MAGG3",2018,NA,0,0,0,0
"MAGG3",2019,NA,0,0,0,0
"LEVE3",2009,NA,0,0,0,0
"LEVE3",2010,NA,0,0,0,0
"LEVE3",2011,NA,0,0,0,0
"LEVE3",2012,NA,0,0,0,0
"LEVE3",2013,NA,0,0,0,0
"LEVE3",2014,NA,0,0,0,0
"LEVE3",2015,NA,0,0,0,0
"LEVE3",2016,-0.14,0,0,1,0
"LEVE3",2017,NA,0,0,0,0
"LEVE3",2018,NA,0,0,0,0
"LEVE3",2019,NA,0,0,0,0
"POMO4",2009,NA,1,1,0,1
"POMO4",2010,NA,1,1,0,1
"POMO4",2011,0.09,1,1,1,1
"POMO4",2012,0.89,1,1,1,1
"POMO4",2013,-0.2,1,1,1,1
"POMO4",2014,-0.32,1,1,1,1
"POMO4",2015,-0.43,1,1,1,1
"POMO4",2016,0.57,1,1,1,1
"POMO4",2017,0.42,1,0,1,1
"POMO4",2018,0.06,1,0,1,1
"POMO4",2019,NA,0,0,0,0
"MRFG3",2009,1.61,1,0,1,1
"MRFG3",2010,-0.19,1,0,1,1
"MRFG3",2011,-0.43,1,0,1,1
"MRFG3",2012,0.02,1,0,1,1
"MRFG3",2013,-0.53,1,0,1,1
"MRFG3",2014,0.52,0,0,1,0
"MRFG3",2015,0.04,0,0,1,0
"MRFG3",2016,0.06,0,0,1,0
"MRFG3",2017,0.11,0,0,1,0
"MRFG3",2018,-0.25,0,0,1,0
"MRFG3",2019,0.82,0,0,1,0
"GGBR3",2009,0.77,0,0,1,0
"GGBR3",2010,-0.22,0,0,1,0
"GGBR3",2011,-0.31,0,0,1,0
"GGBR3",2012,0.31,0,0,1,0
"GGBR3",2013,0.04,0,0,1,0
"GGBR3",2014,-0.51,0,0,1,0
"GGBR3",2015,-0.85,0,0,1,0
"GGBR3",2016,1.94,0,0,1,0
"GGBR3",2017,0.22,0,0,1,0
"GGBR3",2018,0.23,0,0,1,0
"GGBR3",2019,0.37,0,0,1,0
"MILS3",2009,NA,0,0,0,0
"MILS3",2010,NA,0,0,0,0
"MILS3",2011,NA,0,0,0,0
"MILS3",2012,NA,0,0,0,0
"MILS3",2013,-0.01,0,0,1,0
"MILS3",2014,-0.71,0,0,1,0
"MILS3",2015,-0.72,0,0,1,0
"MILS3",2016,NA,0,0,0,0
"MILS3",2017,NA,0,0,0,0
"MILS3",2018,NA,0,0,0,0
"MILS3",2019,NA,0,0,0,0
"BEEF3",2009,NA,0,1,0,1
"BEEF3",2010,NA,0,1,0,1
"BEEF3",2011,NA,0,1,0,1
"BEEF3",2012,NA,0,1,0,1
"BEEF3",2013,0.02,0,1,1,1
"BEEF3",2014,-0.14,0,1,1,1
"BEEF3",2015,0.34,0,1,1,1
"BEEF3",2016,-0.05,0,1,1,1
"BEEF3",2017,-0.09,0,1,1,1
"BEEF3",2018,-0.53,0,1,1,1
"BEEF3",2019,1.57,0,0,1,0
"MMXM3",2009,3.46,0,1,1,1
"MMXM3",2010,0.12,0,1,1,1
"MMXM3",2011,-0.41,0,1,1,1
"MMXM3",2012,-0.31,0,1,1,1
"MMXM3",2013,-0.84,0,1,1,1
"MMXM3",2014,-0.83,0,1,1,1
"MMXM3",2015,NA,0,0,0,0
"MMXM3",2016,NA,0,0,0,0
"MMXM3",2017,NA,0,0,0,0
"MMXM3",2018,NA,0,0,0,0
"MMXM3",2019,NA,0,0,0,0
"MRVE3",2009,3.38,1,1,1,1
"MRVE3",2010,0.14,1,1,1,1
"MRVE3",2011,-0.32,1,1,1,1
"MRVE3",2012,0.16,1,1,1,1
"MRVE3",2013,-0.27,0,1,1,1
"MRVE3",2014,-0.07,0,1,1,1
"MRVE3",2015,0.21,0,1,1,1
"MRVE3",2016,0.29,0,1,1,1
"MRVE3",2017,0.43,0,1,1,1
"MRVE3",2018,-0.02,0,1,1,1
"MRVE3",2019,0.85,0,1,1,1
"MULT3",2009,NA,1,1,0,1
"MULT3",2010,0.15,1,1,1,1
"MULT3",2011,0.09,1,1,1,1
"MULT3",2012,0.65,1,1,1,1
"MULT3",2013,-0.15,1,1,1,1
"MULT3",2014,-0.03,1,1,1,1
"MULT3",2015,-0.18,1,0,1,1
"MULT3",2016,0.55,1,0,1,1
"MULT3",2017,0.24,1,0,1,1
"MULT3",2018,0.05,1,0,1,1
"MULT3",2019,0.38,1,0,1,1
"MPLU3",2009,NA,0,0,0,0
"MPLU3",2010,NA,0,0,0,0
"MPLU3",2011,NA,0,0,0,0
"MPLU3",2012,0.59,0,0,1,0
"MPLU3",2013,-0.34,0,0,1,0
"MPLU3",2014,0.14,0,0,1,0
"MPLU3",2015,0.25,0,0,1,0
"MPLU3",2016,-0.05,0,0,1,0
"MPLU3",2017,0.16,0,0,1,0
"MPLU3",2018,NA,0,0,0,0
"MPLU3",2019,NA,0,0,0,0
"NTCO3",2009,NA,0,1,0,1
"NTCO3",2010,NA,0,1,0,1
"NTCO3",2011,NA,0,1,0,1
"NTCO3",2012,NA,0,1,0,1
"NTCO3",2013,NA,0,0,0,0
"NTCO3",2014,NA,0,0,0,0
"NTCO3",2015,NA,0,0,0,0
"NTCO3",2016,NA,0,1,0,1
"NTCO3",2017,NA,0,1,0,1
"NTCO3",2018,NA,0,0,0,0
"NTCO3",2019,0.74,0,0,1,0
"NATU3",2009,1.02,0,0,1,0
"NATU3",2010,0.37,0,0,1,0
"NATU3",2011,-0.2,0,0,1,0
"NATU3",2012,0.69,0,0,1,0
"NATU3",2013,-0.27,0,0,1,0
"NATU3",2014,-0.19,0,0,1,0
"NATU3",2015,-0.22,0,0,1,0
"NATU3",2016,0,0,0,1,0
"NATU3",2017,0.45,0,0,1,0
"NATU3",2018,0.37,0,0,1,0
"NATU3",2019,NA,0,0,0,0
"NETC4",2009,0.81,0,0,1,0
"NETC4",2010,NA,0,0,0,0
"NETC4",2011,NA,0,0,0,0
"NETC4",2012,NA,0,0,0,0
"NETC4",2013,NA,0,0,0,0
"NETC4",2014,NA,0,0,0,0
"NETC4",2015,NA,0,0,0,0
"NETC4",2016,NA,0,0,0,0
"NETC4",2017,NA,0,0,0,0
"NETC4",2018,NA,0,0,0,0
"NETC4",2019,NA,0,0,0,0
"GNDI3",2009,NA,0,0,0,0
"GNDI3",2010,NA,0,0,0,0
"GNDI3",2011,NA,0,0,0,0
"GNDI3",2012,NA,0,0,0,0
"GNDI3",2013,NA,0,0,0,0
"GNDI3",2014,NA,0,0,0,0
"GNDI3",2015,NA,0,0,0,0
"GNDI3",2016,NA,0,0,0,0
"GNDI3",2017,NA,0,0,0,0
"GNDI3",2018,NA,0,0,0,0
"GNDI3",2019,1.36,0,0,1,0
"ODPV3",2009,NA,1,0,0,1
"ODPV3",2010,NA,1,0,0,1
"ODPV3",2011,0.11,1,0,1,1
"ODPV3",2012,0.31,1,0,1,1
"ODPV3",2013,-0.05,1,0,1,1
"ODPV3",2014,0.05,0,0,1,0
"ODPV3",2015,0,0,0,1,0
"ODPV3",2016,0.36,0,0,1,0
"ODPV3",2017,0.31,0,0,1,0
"ODPV3",2018,-0.12,0,0,1,0
"ODPV3",2019,0.25,0,0,1,0
"OGXP3",2009,2.25,0,1,1,1
"OGXP3",2010,0.17,0,1,1,1
"OGXP3",2011,-0.31,0,1,1,1
"OGXP3",2012,-0.68,0,1,1,1
"OGXP3",2013,NA,0,1,0,1
"OGXP3",2014,NA,0,1,0,1
"OGXP3",2015,NA,0,1,0,1
"OGXP3",2016,NA,0,0,0,0
"OGXP3",2017,NA,0,0,0,0
"OGXP3",2018,NA,0,0,0,0
"OGXP3",2019,NA,0,0,0,0
"OIBR4",2009,0.23,0,0,1,0
"OIBR4",2010,-0.25,0,0,1,0
"OIBR4",2011,-0.09,0,0,1,0
"OIBR4",2012,0.17,0,0,1,0
"OIBR4",2013,-0.49,0,0,1,0
"OIBR4",2014,-0.76,0,0,1,0
"OIBR4",2015,NA,0,0,0,0
"OIBR4",2016,NA,0,0,0,0
"OIBR4",2017,NA,0,0,0,0
"OIBR4",2018,NA,0,0,0,0
"OIBR4",2019,NA,0,0,0,0
"OSXB3",2009,NA,0,1,0,1
"OSXB3",2010,NA,0,1,0,1
"OSXB3",2011,NA,0,1,0,1
"OSXB3",2012,-0.07,0,1,1,1
"OSXB3",2013,NA,0,1,0,1
"OSXB3",2014,NA,0,1,0,1
"OSXB3",2015,NA,0,1,0,1
"OSXB3",2016,NA,0,0,0,0
"OSXB3",2017,NA,0,0,0,0
"OSXB3",2018,NA,0,0,0,0
"OSXB3",2019,NA,0,0,0,0
"PCAR4",2009,1.12,0,1,1,1
"PCAR4",2010,0.08,0,1,1,1
"PCAR4",2011,-0.01,0,1,1,1
"PCAR4",2012,0.41,0,1,1,1
"PCAR4",2013,0.17,0,1,1,1
"PCAR4",2014,-0.05,0,0,1,0
"PCAR4",2015,-0.57,0,0,1,0
"PCAR4",2016,0.3,0,0,1,0
"PCAR4",2017,0.46,0,0,1,0
"PCAR4",2018,0.04,0,0,1,0
"PCAR4",2019,0.09,0,0,1,0
"PMAM3",2009,NA,0,0,0,0
"PMAM3",2010,-0.25,0,0,1,0
"PMAM3",2011,-0.4,0,0,1,0
"PMAM3",2012,NA,0,0,0,0
"PMAM3",2013,NA,0,0,0,0
"PMAM3",2014,NA,0,0,0,0
"PMAM3",2015,NA,0,0,0,0
"PMAM3",2016,NA,0,0,0,0
"PMAM3",2017,NA,0,0,0,0
"PMAM3",2018,NA,0,0,0,0
"PMAM3",2019,NA,0,0,0,0
"PDGR3",2009,2.14,0,0,1,0
"PDGR3",2010,0.19,0,0,1,0
"PDGR3",2011,-0.41,0,0,1,0
"PDGR3",2012,-0.41,0,0,1,0
"PDGR3",2013,-0.45,0,0,1,0
"PDGR3",2014,-0.52,0,0,1,0
"PDGR3",2015,NA,0,0,0,0
"PDGR3",2016,NA,0,0,0,0
"PDGR3",2017,NA,0,0,0,0
"PDGR3",2018,NA,0,0,0,0
"PDGR3",2019,NA,0,0,0,0
"PRIO3",2009,NA,0,0,0,0
"PRIO3",2010,NA,0,0,0,0
"PRIO3",2011,-0.64,0,0,1,0
"PRIO3",2012,-0.59,0,0,1,0
"PRIO3",2013,-0.81,0,0,1,0
"PRIO3",2014,-0.49,0,0,1,0
"PRIO3",2015,NA,0,0,0,0
"PRIO3",2016,NA,0,0,0,0
"PRIO3",2017,NA,0,0,0,0
"PRIO3",2018,NA,0,0,0,0
"PRIO3",2019,NA,0,0,0,0
"BRDT3",2009,NA,0,0,0,0
"BRDT3",2010,NA,0,0,0,0
"BRDT3",2011,NA,0,0,0,0
"BRDT3",2012,NA,0,0,0,0
"BRDT3",2013,NA,0,0,0,0
"BRDT3",2014,NA,0,0,0,0
"BRDT3",2015,NA,0,0,0,0
"BRDT3",2016,NA,0,0,0,0
"BRDT3",2017,NA,0,0,0,0
"BRDT3",2018,0.61,0,0,1,0
"BRDT3",2019,0.31,0,0,1,0
"PETR4",2009,0.66,0,0,1,0
"PETR4",2010,-0.23,0,0,1,0
"PETR4",2011,-0.17,0,0,1,0
"PETR4",2012,-0.07,0,0,1,0
"PETR4",2013,-0.09,0,0,1,0
"PETR4",2014,-0.38,0,0,1,0
"PETR4",2015,-0.33,0,0,1,0
"PETR4",2016,1.22,0,0,1,0
"PETR4",2017,0.09,0,0,1,0
"PETR4",2018,0.47,0,0,1,0
"PETR4",2019,0.37,0,0,1,0
"PLAS3",2009,0.74,0,0,1,0
"PLAS3",2010,0.5,0,0,1,0
"PLAS3",2011,NA,0,0,0,0
"PLAS3",2012,NA,0,0,0,0
"PLAS3",2013,NA,0,0,0,0
"PLAS3",2014,NA,0,0,0,0
"PLAS3",2015,NA,0,0,0,0
"PLAS3",2016,NA,0,0,0,0
"PLAS3",2017,NA,0,0,0,0
"PLAS3",2018,NA,0,0,0,0
"PLAS3",2019,NA,0,0,0,0
"PSSA3",2009,0.63,0,0,1,0
"PSSA3",2010,0.43,0,0,1,0
"PSSA3",2011,-0.19,0,0,1,0
"PSSA3",2012,0.17,0,0,1,0
"PSSA3",2013,0.32,0,0,1,0
"PSSA3",2014,0.12,0,0,1,0
"PSSA3",2015,0,0,0,1,0
"PSSA3",2016,-0.03,0,0,1,0
"PSSA3",2017,0.42,0,0,1,0
"PSSA3",2018,0.57,0,0,1,0
"PSSA3",2019,0.25,0,0,1,0
"PRTX3",2009,NA,1,1,0,1
"PRTX3",2010,NA,1,1,1,1
"PRTX3",2011,NA,1,1,0,1
"PRTX3",2012,NA,1,1,0,1
"PRTX3",2013,NA,0,0,0,0
"PRTX3",2014,NA,0,0,0,0
"PRTX3",2015,NA,0,0,0,0
"PRTX3",2016,NA,0,0,0,0
"PRTX3",2017,NA,0,0,0,0
"PRTX3",2018,NA,0,0,0,0
"PRTX3",2019,NA,0,0,0,0
"POSI3",2009,2.31,0,0,1,0
"POSI3",2010,-0.55,0,1,1,1
"POSI3",2011,-0.38,0,1,1,1
"POSI3",2012,NA,0,1,0,1
"POSI3",2013,NA,0,0,0,0
"POSI3",2014,NA,0,0,0,0
"POSI3",2015,NA,0,0,0,0
"POSI3",2016,NA,0,0,0,0
"POSI3",2017,NA,0,0,0,0
"POSI3",2018,NA,0,0,0,0
"POSI3",2019,NA,0,0,0,0
"PRML3",2009,5.7,1,1,1,1
"PRML3",2010,-0.2,1,1,1,1
"PRML3",2011,-0.28,1,1,1,1
"PRML3",2012,-0.28,1,1,1,1
"PRML3",2013,-0.46,1,1,1,1
"PRML3",2014,-0.6,0,0,1,0
"PRML3",2015,NA,0,0,0,0
"PRML3",2016,NA,0,0,0,0
"PRML3",2017,NA,0,0,0,0
"PRML3",2018,NA,0,0,0,0
"PRML3",2019,NA,0,0,0,0
"QUAL3",2009,NA,1,0,0,1
"QUAL3",2010,NA,1,0,0,1
"QUAL3",2011,NA,1,1,0,1
"QUAL3",2012,NA,1,1,0,1
"QUAL3",2013,0.06,1,1,1,1
"QUAL3",2014,0.24,1,1,1,1
"QUAL3",2015,-0.43,1,1,1,1
"QUAL3",2016,0.52,1,1,1,1
"QUAL3",2017,0.75,1,1,1,1
"QUAL3",2018,-0.57,1,1,1,1
"QUAL3",2019,2.41,1,0,1,1
"RAPT4",2009,1.61,0,1,1,1
"RAPT4",2010,0.21,0,1,1,1
"RAPT4",2011,-0.27,0,1,1,1
"RAPT4",2012,0.55,0,1,1,1
"RAPT4",2013,-0.07,0,1,1,1
"RAPT4",2014,-0.46,0,1,1,1
"RAPT4",2015,-0.48,0,1,1,1
"RAPT4",2016,0.41,0,1,1,1
"RAPT4",2017,1.01,0,1,1,1
"RAPT4",2018,0.31,0,0,1,0
"RAPT4",2019,0.5,0,0,1,0
"RDCD3",2009,0.2,0,0,1,0
"RDCD3",2010,-0.22,0,0,1,0
"RDCD3",2011,0.51,0,0,1,0
"RDCD3",2012,NA,0,0,0,0
"RDCD3",2013,NA,0,0,0,0
"RDCD3",2014,NA,0,0,0,0
"RDCD3",2015,NA,0,0,0,0
"RDCD3",2016,NA,0,0,0,0
"RDCD3",2017,NA,0,0,0,0
"RDCD3",2018,NA,0,0,0,0
"RDCD3",2019,NA,0,0,0,0
"RSID3",2009,3.12,0,0,1,0
"RSID3",2010,-0.02,0,0,1,0
"RSID3",2011,-0.44,0,0,1,0
"RSID3",2012,-0.41,0,0,1,0
"RSID3",2013,-0.55,0,0,1,0
"RSID3",2014,-0.67,0,0,1,0
"RSID3",2015,-0.81,0,0,1,0
"RSID3",2016,NA,0,0,0,0
"RSID3",2017,NA,0,1,0,1
"RSID3",2018,NA,0,1,0,1
"RSID3",2019,NA,0,1,0,1
"RAIL3",2009,NA,0,0,0,0
"RAIL3",2010,NA,0,0,0,0
"RAIL3",2011,NA,0,0,0,0
"RAIL3",2012,NA,0,0,0,0
"RAIL3",2013,NA,0,0,0,0
"RAIL3",2014,NA,0,0,0,0
"RAIL3",2015,-0.56,0,0,1,0
"RAIL3",2016,-0.03,0,0,1,0
"RAIL3",2017,NA,0,0,0,0
"RAIL3",2018,NA,0,0,0,0
"RAIL3",2019,NA,0,0,0,0
"SBSP3",2009,0.32,0,0,1,0
"SBSP3",2010,0.3,0,0,1,0
"SBSP3",2011,0.2,0,0,1,0
"SBSP3",2012,0.76,0,0,1,0
"SBSP3",2013,-0.06,0,0,1,0
"SBSP3",2014,-0.33,0,0,1,0
"SBSP3",2015,0.14,0,0,1,0
"SBSP3",2016,0.54,0,0,1,0
"SBSP3",2017,0.27,0,0,1,0
"SBSP3",2018,-0.06,0,0,1,0
"SBSP3",2019,0.97,0,0,1,0
"SDIA4",2009,NA,0,0,0,0
"SDIA4",2010,NA,0,0,0,0
"SDIA4",2011,NA,0,0,0,0
"SDIA4",2012,NA,0,0,0,0
"SDIA4",2013,NA,0,0,0,0
"SDIA4",2014,NA,0,0,0,0
"SDIA4",2015,NA,0,0,0,0
"SDIA4",2016,NA,0,0,0,0
"SDIA4",2017,NA,0,0,0,0
"SDIA4",2018,NA,0,0,0,0
"SDIA4",2019,NA,0,0,0,0
"SMTO3",2009,NA,0,0,0,0
"SMTO3",2010,NA,0,0,0,0
"SMTO3",2011,NA,0,0,0,0
"SMTO3",2012,NA,0,0,0,0
"SMTO3",2013,NA,0,0,0,0
"SMTO3",2014,NA,0,0,0,0
"SMTO3",2015,0.29,0,0,1,0
"SMTO3",2016,0.3,0,0,1,0
"SMTO3",2017,0.03,0,0,1,0
"SMTO3",2018,-0.03,0,0,1,0
"SMTO3",2019,NA,0,0,0,0
"DURA4",2009,NA,0,0,0,0
"DURA4",2010,NA,0,0,0,0
"DURA4",2011,NA,0,0,0,0
"DURA4",2012,NA,0,0,0,0
"DURA4",2013,NA,0,0,0,0
"DURA4",2014,NA,0,0,0,0
"DURA4",2015,NA,0,0,0,0
"DURA4",2016,NA,0,0,0,0
"DURA4",2017,NA,0,0,0,0
"DURA4",2018,NA,0,0,0,0
"DURA4",2019,NA,0,0,0,0
"SEER3",2009,NA,0,0,0,0
"SEER3",2010,NA,0,0,0,0
"SEER3",2011,NA,0,0,0,0
"SEER3",2012,NA,0,0,0,0
"SEER3",2013,NA,1,1,0,1
"SEER3",2014,NA,1,1,0,1
"SEER3",2015,-0.74,1,1,1,1
"SEER3",2016,1.48,1,1,1,1
"SEER3",2017,0.72,1,1,1,1
"SEER3",2018,-0.49,1,1,1,1
"SEER3",2019,0.99,1,1,1,1
"SLCE3",2009,NA,0,0,0,0
"SLCE3",2010,NA,0,0,0,0
"SLCE3",2011,NA,0,0,0,0
"SLCE3",2012,NA,0,0,0,0
"SLCE3",2013,NA,0,0,0,0
"SLCE3",2014,NA,0,0,0,0
"SLCE3",2015,NA,0,0,0,0
"SLCE3",2016,NA,0,0,0,0
"SLCE3",2017,NA,0,0,0,0
"SLCE3",2018,0.65,0,0,1,0
"SLCE3",2019,0.24,0,0,1,0
"SMLS3",2009,NA,0,0,0,0
"SMLS3",2010,NA,0,0,0,0
"SMLS3",2011,NA,0,0,0,0
"SMLS3",2012,NA,0,0,0,0
"SMLS3",2013,NA,0,0,0,0
"SMLS3",2014,0.79,0,0,1,0
"SMLS3",2015,-0.21,0,0,1,0
"SMLS3",2016,0.42,0,0,1,0
"SMLS3",2017,0.83,0,0,1,0
"SMLS3",2018,-0.39,0,0,1,0
"SMLS3",2019,-0.04,0,0,1,0
"CRUZ3",2009,0.43,0,0,1,0
"CRUZ3",2010,0.66,0,0,1,0
"CRUZ3",2011,0.35,0,0,1,0
"CRUZ3",2012,0.39,0,0,1,0
"CRUZ3",2013,-0.19,0,0,1,0
"CRUZ3",2014,-0.16,0,0,1,0
"CRUZ3",2015,NA,0,0,0,0
"CRUZ3",2016,NA,0,0,0,0
"CRUZ3",2017,NA,0,0,0,0
"CRUZ3",2018,NA,0,0,0,0
"CRUZ3",2019,NA,0,0,0,0
"SULA11",2009,NA,0,0,0,0
"SULA11",2010,0.26,0,0,1,0
"SULA11",2011,-0.19,0,0,1,0
"SULA11",2012,0.26,0,0,1,0
"SULA11",2013,0.04,0,0,1,0
"SULA11",2014,-0.1,0,0,1,0
"SULA11",2015,0.49,0,0,1,0
"SULA11",2016,-0.02,0,0,1,0
"SULA11",2017,0.22,0,0,1,0
"SULA11",2018,0.57,0,0,1,0
"SULA11",2019,1.16,0,0,1,0
"FIBR3",2009,0.76,0,0,1,0
"FIBR3",2010,-0.06,0,0,1,0
"FIBR3",2011,-0.51,0,0,1,0
"FIBR3",2012,0.02,0,0,1,0
"FIBR3",2013,0.33,0,0,1,0
"FIBR3",2014,0.24,0,0,1,0
"FIBR3",2015,0.69,0,0,1,0
"FIBR3",2016,-0.2,0,0,1,0
"FIBR3",2017,NA,0,0,0,0
"FIBR3",2018,NA,0,0,0,0
"FIBR3",2019,NA,0,0,0,0
"TAEE11",2009,NA,0,0,0,0
"TAEE11",2010,NA,0,0,0,0
"TAEE11",2011,NA,0,0,0,0
"TAEE11",2012,NA,0,0,0,0
"TAEE11",2013,NA,0,0,0,0
"TAEE11",2014,0.2,0,0,1,0
"TAEE11",2015,0,0,0,1,0
"TAEE11",2016,0.43,0,0,1,0
"TAEE11",2017,0.13,0,0,1,0
"TAEE11",2018,0.26,0,0,1,0
"TAEE11",2019,0.41,0,0,1,0
"TAMM4",2009,1,0,0,1,0
"TAMM4",2010,0.08,0,0,1,0
"TAMM4",2011,-0.08,0,0,1,0
"TAMM4",2012,NA,0,0,0,0
"TAMM4",2013,NA,0,0,0,0
"TAMM4",2014,NA,0,0,0,0
"TAMM4",2015,NA,0,0,0,0
"TAMM4",2016,NA,0,0,0,0
"TAMM4",2017,NA,0,0,0,0
"TAMM4",2018,NA,0,0,0,0
"TAMM4",2019,NA,0,0,0,0
"TCSA3",2009,NA,0,1,0,1
"TCSA3",2010,NA,1,1,0,1
"TCSA3",2011,NA,1,1,0,1
"TCSA3",2012,-0.15,1,0,1,1
"TCSA3",2013,NA,1,0,0,1
"TCSA3",2014,NA,1,0,0,1
"TCSA3",2015,NA,1,0,0,1
"TCSA3",2016,NA,1,0,0,1
"TCSA3",2017,NA,0,0,0,0
"TCSA3",2018,NA,0,0,0,0
"TCSA3",2019,NA,0,0,0,0
"TNLP4",2009,0.38,0,0,1,0
"TNLP4",2010,-0.27,0,0,1,0
"TNLP4",2011,-0.24,0,0,1,0
"TNLP4",2012,NA,0,0,0,0
"TNLP4",2013,NA,0,0,0,0
"TNLP4",2014,NA,0,0,0,0
"TNLP4",2015,NA,0,0,0,0
"TNLP4",2016,NA,0,0,0,0
"TNLP4",2017,NA,0,0,0,0
"TNLP4",2018,NA,0,0,0,0
"TNLP4",2019,NA,0,0,0,0
"VIVT4",2009,0.03,0,0,1,0
"VIVT4",2010,0.07,0,0,1,0
"VIVT4",2011,0.42,0,0,1,0
"VIVT4",2012,0,0,0,1,0
"VIVT4",2013,0,0,0,1,0
"VIVT4",2014,0.12,0,0,1,0
"VIVT4",2015,-0.17,0,0,1,0
"VIVT4",2016,0.26,0,0,1,0
"VIVT4",2017,0.19,0,0,1,0
"VIVT4",2018,0.04,0,0,1,0
"VIVT4",2019,0.33,0,0,1,0
"TMAR5",2009,0.2,0,0,1,0
"TMAR5",2010,-0.22,0,0,1,0
"TMAR5",2011,NA,0,0,0,0
"TMAR5",2012,NA,0,0,0,0
"TMAR5",2013,NA,0,0,0,0
"TMAR5",2014,NA,0,0,0,0
"TMAR5",2015,NA,0,0,0,0
"TMAR5",2016,NA,0,0,0,0
"TMAR5",2017,NA,0,0,0,0
"TMAR5",2018,NA,0,0,0,0
"TMAR5",2019,NA,0,0,0,0
"TERI3",2009,NA,0,0,0,0
"TERI3",2010,-0.42,0,0,1,0
"TERI3",2011,NA,0,0,0,0
"TERI3",2012,NA,0,0,0,0
"TERI3",2013,NA,0,0,0,0
"TERI3",2014,NA,0,0,0,0
"TERI3",2015,NA,0,0,0,0
"TERI3",2016,NA,0,0,0,0
"TERI3",2017,NA,0,0,0,0
"TERI3",2018,NA,0,0,0,0
"TERI3",2019,NA,0,0,0,0
"TESA3",2009,1.5,0,0,1,0
"TESA3",2010,-0.08,0,0,1,0
"TESA3",2011,-0.68,0,0,1,0
"TESA3",2012,0.4,0,0,1,0
"TESA3",2013,-0.07,0,0,1,0
"TESA3",2014,NA,0,0,0,0
"TESA3",2015,NA,0,0,0,0
"TESA3",2016,NA,0,0,0,0
"TESA3",2017,NA,0,0,0,0
"TESA3",2018,NA,0,0,0,0
"TESA3",2019,NA,0,0,0,0
"TIMP3",2009,0.81,0,0,1,0
"TIMP3",2010,0.11,0,0,1,0
"TIMP3",2011,NA,0,0,0,0
"TIMP3",2012,NA,0,0,0,0
"TIMP3",2013,NA,0,0,0,0
"TIMP3",2014,NA,0,0,0,0
"TIMP3",2015,NA,0,0,0,0
"TIMP3",2016,NA,0,0,0,0
"TIMP3",2017,NA,0,0,0,0
"TIMP3",2018,NA,0,0,0,0
"TIMP3",2019,NA,0,0,0,0
"TOTS3",2009,NA,1,1,0,1
"TOTS3",2010,NA,1,1,0,1
"TOTS3",2011,0.01,1,1,1,1
"TOTS3",2012,0.26,1,1,1,1
"TOTS3",2013,-0.07,1,1,1,1
"TOTS3",2014,-0.02,1,0,1,1
"TOTS3",2015,-0.08,1,0,1,1
"TOTS3",2016,-0.21,1,0,1,1
"TOTS3",2017,0.25,1,0,1,1
"TOTS3",2018,-0.08,1,0,1,1
"TOTS3",2019,1.4,0,1,1,1
"EGIE3",2009,0.21,0,0,1,0
"EGIE3",2010,0.32,0,0,1,0
"EGIE3",2011,0.19,0,0,1,0
"EGIE3",2012,0.17,0,0,1,0
"EGIE3",2013,0.15,0,0,1,0
"EGIE3",2014,-0.01,0,0,1,0
"EGIE3",2015,0.02,0,0,1,0
"EGIE3",2016,0.09,0,0,1,0
"EGIE3",2017,0.1,0,0,1,0
"EGIE3",2018,0.3,0,0,1,0
"EGIE3",2019,0.59,0,0,1,0
"TUPY3",2009,NA,0,0,0,0
"TUPY3",2010,NA,0,0,0,0
"TUPY3",2011,NA,0,0,0,0
"TUPY3",2012,NA,0,0,0,0
"TUPY3",2013,NA,0,0,0,0
"TUPY3",2014,NA,0,0,0,0
"TUPY3",2015,NA,0,0,0,0
"TUPY3",2016,-0.32,0,0,1,0
"TUPY3",2017,NA,0,0,0,0
"TUPY3",2018,NA,0,0,0,0
"TUPY3",2019,NA,0,0,0,0
"UGPA4",2009,0.62,0,0,1,0
"UGPA4",2010,0.35,0,0,1,0
"UGPA4",2011,NA,0,0,0,0
"UGPA4",2012,NA,0,0,0,0
"UGPA4",2013,NA,0,0,0,0
"UGPA4",2014,NA,0,0,0,0
"UGPA4",2015,NA,0,0,0,0
"UGPA4",2016,NA,0,0,0,0
"UGPA4",2017,NA,0,0,0,0
"UGPA4",2018,NA,0,0,0,0
"UGPA4",2019,NA,0,0,0,0
"UBBR11",2009,NA,0,0,0,0
"UBBR11",2010,NA,0,0,0,0
"UBBR11",2011,NA,0,0,0,0
"UBBR11",2012,NA,0,0,0,0
"UBBR11",2013,NA,0,0,0,0
"UBBR11",2014,NA,0,0,0,0
"UBBR11",2015,NA,0,0,0,0
"UBBR11",2016,NA,0,0,0,0
"UBBR11",2017,NA,0,0,0,0
"UBBR11",2018,NA,0,0,0,0
"UBBR11",2019,NA,0,0,0,0
"UNIP6",2009,NA,0,0,0,0
"UNIP6",2010,NA,0,0,0,0
"UNIP6",2011,NA,0,0,0,0
"UNIP6",2012,NA,0,0,0,0
"UNIP6",2013,NA,0,0,0,0
"UNIP6",2014,NA,0,0,0,0
"UNIP6",2015,NA,0,0,0,0
"UNIP6",2016,NA,0,0,0,0
"UNIP6",2017,NA,0,0,0,0
"UNIP6",2018,NA,0,0,0,0
"UNIP6",2019,NA,0,0,0,0
"USIM5",2009,0.93,0,0,1,0
"USIM5",2010,-0.21,0,0,1,0
"USIM5",2011,-0.45,0,0,1,0
"USIM5",2012,0.24,0,0,1,0
"USIM5",2013,0.11,0,0,1,0
"USIM5",2014,-0.64,0,0,1,0
"USIM5",2015,-0.69,0,0,1,0
"USIM5",2016,1.69,0,0,1,0
"USIM5",2017,1.24,0,0,1,0
"USIM5",2018,0.02,0,0,1,0
"USIM5",2019,0.05,0,0,1,0
"FFTL4",2009,0.48,0,0,1,0
"FFTL4",2010,0.15,0,0,1,0
"FFTL4",2011,NA,0,0,0,0
"FFTL4",2012,NA,0,0,0,0
"FFTL4",2013,NA,0,0,0,0
"FFTL4",2014,NA,0,0,0,0
"FFTL4",2015,NA,0,0,0,0
"FFTL4",2016,NA,0,0,0,0
"FFTL4",2017,NA,0,0,0,0
"FFTL4",2018,NA,0,0,0,0
"FFTL4",2019,NA,0,0,0,0
"VLID3",2009,NA,0,0,0,0
"VLID3",2010,NA,0,0,0,0
"VLID3",2011,NA,0,0,0,0
"VLID3",2012,NA,0,0,0,0
"VLID3",2013,NA,0,0,0,0
"VLID3",2014,0.37,0,0,1,0
"VLID3",2015,0.03,0,0,1,0
"VLID3",2016,-0.38,0,0,1,0
"VLID3",2017,-0.16,0,0,1,0
"VLID3",2018,0.03,0,0,1,0
"VLID3",2019,NA,0,0,0,0
"VIVR3",2009,NA,0,0,0,0
"VIVR3",2010,-0.01,0,0,1,0
"VIVR3",2011,NA,0,0,0,0
"VIVR3",2012,NA,0,0,0,0
"VIVR3",2013,NA,0,0,0,0
"VIVR3",2014,NA,0,0,0,0
"VIVR3",2015,NA,0,0,0,0
"VIVR3",2016,NA,0,0,0,0
"VIVR3",2017,NA,0,0,0,0
"VIVR3",2018,NA,0,0,0,0
"VIVR3",2019,NA,0,0,0,0
"VIVO4",2009,1,0,0,1,0
"VIVO4",2010,0.02,0,0,1,0
"VIVO4",2011,NA,0,0,0,0
"VIVO4",2012,NA,0,0,0,0
"VIVO4",2013,NA,0,0,0,0
"VIVO4",2014,NA,0,0,0,0
"VIVO4",2015,NA,0,0,0,0
"VIVO4",2016,NA,0,0,0,0
"VIVO4",2017,NA,0,0,0,0
"VIVO4",2018,NA,0,0,0,0
"VIVO4",2019,NA,0,0,0,0
"WEGE3",2009,0.52,0,0,1,0
"WEGE3",2010,0.22,0,0,1,0
"WEGE3",2011,-0.11,0,0,1,0
"WEGE3",2012,NA,0,0,0,0
"WEGE3",2013,0.18,0,0,1,0
"WEGE3",2014,0.31,0,0,1,0
"WEGE3",2015,0,0,0,1,0
"WEGE3",2016,0.02,0,0,1,0
"WEGE3",2017,0.64,0,0,1,0
"WEGE3",2018,-0.04,0,0,1,0
"WEGE3",2019,1.01,0,0,1,0
"WIZS3",2009,NA,0,0,0,0
"WIZS3",2010,NA,0,0,0,0
"WIZS3",2011,NA,0,0,0,0
"WIZS3",2012,NA,0,0,0,0
"WIZS3",2013,NA,0,0,0,0
"WIZS3",2014,NA,0,0,0,0
"WIZS3",2015,NA,0,0,0,0
"WIZS3",2016,NA,0,0,0,0
"WIZS3",2017,-0.1,0,0,1,0
"WIZS3",2018,-0.37,0,0,1,0
"WIZS3",2019,NA,0,0,0,0
"ALLL3",2009,NA,0,0,0,0
"ALLL3",2010,-0.82,0,0,1,0
"ALLL3",2011,-0.39,0,0,1,0
"ALLL3",2012,-0.09,0,0,1,0
"ALLL3",2013,-0.2,0,0,1,0
"ALLL3",2014,-0.23,0,0,1,0
"ALLL3",2015,NA,0,0,0,0
"ALLL3",2016,NA,0,0,0,0
"ALLL3",2017,NA,0,0,0,0
"ALLL3",2018,NA,0,0,0,0
"ALLL3",2019,NA,0,0,0,0
"ELET6",2009,0.4,0,0,1,0
"ELET6",2010,-0.1,0,0,1,0
"ELET6",2011,0.08,0,0,1,0
"ELET6",2012,-0.56,0,0,1,0
"ELET6",2013,0.14,0,0,1,0
"ELET6",2014,-0.05,0,0,1,0
"ELET6",2015,0.29,0,0,1,0
"ELET6",2016,1.51,0,0,1,0
"ELET6",2017,-0.06,0,0,1,0
"ELET6",2018,0.24,0,0,1,0
"ELET6",2019,0.42,0,0,1,0
"FIBR3",2009,0.98,0,0,1,0
"FIBR3",2010,-0.32,0,0,1,0
"FIBR3",2011,-0.47,0,0,1,0
"FIBR3",2012,0.61,0,0,1,0
"FIBR3",2013,0.23,0,0,1,0
"FIBR3",2014,0.18,0,0,1,0
"FIBR3",2015,0.72,0,0,1,0
"FIBR3",2016,-0.36,0,0,1,0
"FIBR3",2017,0.55,0,0,1,0
"FIBR3",2018,0.53,0,0,1,0
"FIBR3",2019,NA,0,0,0,0
"KLBN11",2009,NA,0,0,0,0
"KLBN11",2010,NA,0,0,0,0
"KLBN11",2011,NA,0,0,0,0
"KLBN11",2012,NA,0,0,0,0
"KLBN11",2013,NA,0,0,0,0
"KLBN11",2014,0.24,0,0,1,0
"KLBN11",2015,0.64,0,0,1,0
"KLBN11",2016,-0.2,0,0,1,0
"KLBN11",2017,0.04,0,0,1,0
"KLBN11",2018,-0.05,0,0,1,0
"KLBN11",2019,0.22,0,0,1,0
"RAIL3",2009,NA,0,0,0,0
"RAIL3",2010,NA,0,0,0,0
"RAIL3",2011,NA,0,0,0,0
"RAIL3",2012,NA,0,0,0,0
"RAIL3",2013,NA,0,0,0,0
"RAIL3",2014,NA,0,0,0,0
"RAIL3",2015,NA,0,0,0,0
"RAIL3",2016,NA,0,0,0,0
"RAIL3",2017,1.11,0,0,1,0
"RAIL3",2018,0.31,0,0,1,0
"RAIL3",2019,0.54,0,0,1,0
"TIET11",2009,NA,0,0,0,0
"TIET11",2010,NA,0,0,0,0
"TIET11",2011,NA,0,0,0,0
"TIET11",2012,NA,0,0,0,0
"TIET11",2013,NA,0,0,0,0
"TIET11",2014,NA,0,0,0,0
"TIET11",2015,NA,0,0,0,0
"TIET11",2016,0.14,0,0,1,0
"TIET11",2017,-0.02,0,0,1,0
"TIET11",2018,-0.15,0,0,1,0
"TIET11",2019,0.72,0,0,1,0
"TIMP3",2009,0.46,0,0,1,0
"TIMP3",2010,-0.05,0,0,1,0
"TIMP3",2011,0.37,0,0,1,0
"TIMP3",2012,-0.12,0,0,1,0
"TIMP3",2013,0.56,0,0,1,0
"TIMP3",2014,-0.02,0,0,1,0
"TIMP3",2015,-0.41,0,0,1,0
"TIMP3",2016,0.18,0,0,1,0
"TIMP3",2017,0.71,0,0,1,0
"TIMP3",2018,-0.08,0,0,1,0
"TIMP3",2019,0.38,0,0,1,0
"TNLP3",2009,0.34,0,0,1,0
"TNLP3",2010,-0.21,0,0,1,0
"TNLP3",2011,-0.32,0,0,1,0
"TNLP3",2012,NA,0,0,0,0
"TNLP3",2013,NA,0,0,0,0
"TNLP3",2014,NA,0,0,0,0
"TNLP3",2015,NA,0,0,0,0
"TNLP3",2016,NA,0,0,0,0
"TNLP3",2017,NA,0,0,0,0
"TNLP3",2018,NA,0,0,0,0
"TNLP3",2019,NA,0,0,0,0
"UGPA3",2009,NA,0,0,0,0
"UGPA3",2010,NA,0,0,0,0
"UGPA3",2011,0.24,0,0,1,0
"UGPA3",2012,0.48,0,0,1,0
"UGPA3",2013,0.24,0,0,1,0
"UGPA3",2014,-0.06,0,0,1,0
"UGPA3",2015,0.2,0,0,1,0
"UGPA3",2016,0.13,0,0,1,0
"UGPA3",2017,0.14,0,0,1,0
"UGPA3",2018,-0.27,0,0,1,0
"UGPA3",2019,-0.02,0,0,1,0
"VALE3",2009,0.83,0,0,1,0
"VALE3",2010,0.14,0,0,1,0
"VALE3",2011,-0.24,0,0,1,0
"VALE3",2012,0.13,0,0,1,0
"VALE3",2013,-0.11,0,0,1,0
"VALE3",2014,-0.35,0,0,1,0
"VALE3",2015,-0.37,0,0,1,0
"VALE3",2016,1.03,0,0,1,0
"VALE3",2017,0.58,0,0,1,0
"VALE3",2018,0.32,0,0,1,0
"VALE3",2019,0.07,0,0,1,0
"VVAR3",2009,NA,0,0,0,0
"VVAR3",2010,NA,0,0,0,0
"VVAR3",2011,NA,0,0,0,0
"VVAR3",2012,NA,0,0,0,0
"VVAR3",2013,NA,0,0,0,0
"VVAR3",2014,NA,0,0,0,0
"VVAR3",2015,NA,0,0,0,0
"VVAR3",2016,NA,0,0,0,0
"VVAR3",2017,NA,0,0,0,0
"VVAR3",2018,-0.45,0,0,1,0
"VVAR3",2019,1.54,0,0,1,0
